tid,title
4903,Pelindung Pintu Mobil Slim Door Guard Protector Universal 8 pcs HT-001
4904,Teflon 12cm Kecil Goreng Telur Maxim Valentino Frypan 12 cm Kuali Mini
4905,ELBINA SET //GAMIS + OUTHER
4906,Cat Milk / Susu Kucing GROWSSY 20 Gram
4907,I7s TWS Apple Airpods Android Nirkabel Bluetooth Headset Earphone Hitam Ready Stock
4908,PIYAMA 3IN1 EMBOS FIT XL . XXL / PANJAMAS 3 IN 1 CP
4909,Sedotan Stainless SILVER Set Isi 3 + Sikat + Pouch Cantik - Stainless Straw
4910,124 Geneva Jam Tangan Wanita Fashion watch Jam Tangan Cewek Jamtangan Jam tangan Murah Jam Cewe
4911,MUNAFIE 50GRAM -55 GRAM / MUNAFIE TIPIS IMPORT 50GR
4912,HANDUK MANDI POLOS MUTIA JUMBO TEBAL KUALITAS HOTEL UK. 70X140 CM MURAH [GROSIR / ECER] BESTSELLER
4913,Mak Urut
4914,SPREI KINTAKUN DLUXE 120x200x20 CM MOTIF MEIKO - SCARLET - TIANA - CASEY
4915,Rak Buku Serbaguna | Rak Portable
4916,Mikrotik Router Board RB750gr3 (HEX)
4917,SELANG PU 6MM (4 X 6MM) PNEUMATIC POLYURETHANE SPRAYER KABUT KANDANG JAMUR GRENHOUSE
4918,Sweety Comford Gold NB52 S50 M48 L44 perekat tape anak bayi new born baru lahir newborn new baby
4919,OXONE STAINLESS STEEL KITCHEN TOOL SPATULA SUTIL SET OX-963
4920,[ Promo Cuci Gudang ] Sally tunik | S M L XL | Atasan muslim best seller
4921,ROBOT IRONMAN DANCE HERO AVENGER BUMBLEBEE SPIDERMAN DANCING ROBOT MUSIK
4922,Hanasui serum rich nutrition / bright up / propolis  25ml
4923,Bendera
4924,Tempered Glass 9D Full Cover Untuk Samsung Galaxy A51 / Galaxy A71
4925,[LAKU BANGET] FOR IPHONE 6 7 8 X XS SE 11 Pro Max SLIM HYBRID FULL LENS COVER CAMERA PROTECTION CASE
4926,TASBIH KAYU 33 BUTIR / OLEH OLEH HAJI / SOUVENIR HAJI UMROH MURAH
4927,ID BOLA KARET BASKET 5016 - MAINAN BOLA BASKET
4928,Parfum Eau De Toilette Garuda Indonesia 60ml
4929,GOON Smile Baby Pants Wonderline Single Pack S1
4930,PREMIUM AMORA PANTS
4931,TERMURAH TALI SEPATU PIPIH
4932,Purbasari Ultra Smooth Brow liner
4933,[ GROSIR ] Geneva Strap Leather - Jam Tangan Pria dan Wanita ( Group ) - TPT
4934,Yazole 318 Jam Tangan Pria Original Business Quartz Watches watch
4935,ABC1055 SHABBY MAP wallsticker wall sticker stiker dinding
4936,ASI BOOSTER AMPUH- Lactamond 200 gram *Pro ASI Eksklusif
4937,Terry Palmer Handuk ALVERO BAMBOO uk 70 x135 cm
4938,paket hemat sukulen 30pcs
4939,pt.yangguangtrading - blueray168 - Gantungan H06 Kunci Bentuk Kipas Bintang Lucu untuk Sekolah
4940,MINI SPEEDY CHOPPER/ BLENDER TARIK MANUAL/PEMOTONG PENCACAH SERBAGUNA SAYUR BUAH DAN DAGING
4941,DAF11 SLIP SANDALS
4942,Easy Touch 3in1 GCU / Easy Touch 3 in 1 gula darah & asam urat & koleterol
4943,Shahih Bukhari Muslim
4944,Tas Paha Tas selempang tas touring motor Tas pinggang merk Ozone Tipe2
4945,Filter Udara Ninja 250 FI Saringan Udara N250FI Air Filter Ninja 250FI
4946,Case Anticrack Soft TPU Realme 3 & Realme 3 Pro
4947,Kurma Shoidi Premium 1 Kg
4948,Celana Jeans Pria Pensil Skinny Biru Muda 27 - 38
4949,Sendok Makan Hitam isi 25 Pcs / Sendok Plastik / Sendok Termurah / Sendok Transparan
4950,Pinset lurus aquascape
4951,Selang Air Cuci 15Meter Mobil Motor Expandable Panjang 50feet Magic Xhose 15 Meter X Hose 15M
4952,Miranda Keratin Smoothing Spray 50ml
4953,KONICARE MINYAK TELON PLUS 30ML
4954,Mainan Go Fishing Duckling Series - Pancing Duck Ikan Anak Edukatif
4955,QM LIGHTENING SOAP ORIGINAL BPOM-SABUN QM BPOM
4956,Mc Lewis Tomato Sauce Sachet - 25x9g
4957,Bra / BH Scalen 0286
4958,[1 SACHET] MAMABEAR MAMA BEAR Zoya Mix Kedelai Minuman Pelancar Asi Booster ZoyaMix Soya Mix Coklat
4959,Cuci Gudang Laurier Pantyliner Cleanfresh 20S Perfume
4960,[COD] Sepatu Wakai New Limited Edition
4961,Jack n Jill Toothpaste / Pasta Gigi Odol Anak Jack n Jill
4962,Juhi Cumi SEDAPKO
4963,Softlens Living Color Adore / Softlense LC
4964,Ecolink LED 8 Watt Lampu Bohlam Cool Day Light (Putih)
4965,MASKER WAJAH PREMIUM OAT BUBUK OHMYSKIN 65gr
4966,BPOM Ovomaltine 380gr / Ovomaltine crunchy 380gram / 380 /Ovomaltine 680gram /680grm
4967,"TRIPOD HANPHONE,BISA BUAT KAMERA,TRIPOD 3110/3120  (BISA COD)"
4968,Kaos Polos Cotton Combed Oneck 30s Size S
4969,CHARGER BRANDED VOOC FAST CHARGING SAMSUNG XIAOMI OPPO VIVO ASUS LENOVO 2.A 2Ampere 2USB Ori 99%
4970,NYONYOR NOODLES Level 1 (Kinda Hot)
4971,Promoo !!!! Sepatu slip on pria kickers casual slop formal kerja kantor kulit suede santai kuliah
4972,Rem v brake sepeda anak BMX MTB pacific setengah alloy
4973,RK FLATSHOES LARICHI
4974,Sandal Jepit GC kotak Bungkus
4975,[1KG 20PCS] \xe2\x9d\xa4 MiniMamy \xe2\x9d\xa4 TOPI KUPLUK BAYI / TOPI ANAK UNISEX LUCU
4976,Harga PROMO ( exp 01/2022 ) CAIRAN SOLUTION COMPLETE 360ML
4977,Studio Tropik Balance Priming Water 30ml
4978,Waterproof Phone Pouch Glow in the Dark Wadah Tempat HP Ponsel Anti Air Pouch / water proof
4979,Mitochiba Chopper Food CH100 Resmi
4980,LONG OVERALL VENDETA ROK PANJANG JEANS PREMIUM
4981,Gamepad Android X3 Bluetooth Wireless Controller Stik bluetooth android Stik Android
4982,Importir.Fashion Sepatu Sneakers Korea Wanita Fashion Import SYRA FREE KOTAK & KAOSKAKI - SHG065
4983,"""Wilo"" \xec\x9c\x84\xeb\xa1\x9c Sleepwear"
4984,"Faster Ballpoint /Pulpen C600 , 0.7mm isi 12 pcs - black, blue & red"
4985,Maspion Power Fan / Kipas Angin PW-1802 RC 18
4986,Exp 2021 Kurma date crown khalas 1kg/date crown khalas termurah/kurma oleh oleh haji
4987,Scarlett Whitening Facial Wash
4988,Sobaso Tepung Pengenyal Bakso 32 Grx10
4989,FRISIAN FLAG SUSU KENTAL MANIS COKLAT 560gr
4990,Kojie San Face Lightening Cream 30G
4991,Pot Tawon 15 cm Warna Putih / Coklat Merk Wanky (Nanas) Harga Grosir Murah Se INDONESIA
4992,ACNES POINT CLEAR
4993,Sandal Slip Jelly 0912 Balance Impor
4994,Kabel LAN/UTP 25 Meter Cat5E Siap Pakai Kabel LAN dengan Kepala Konek
4995,"b""Wenela Couple Syar'i SET GAMIS + KHIMAR KEMEJA MAYRA CP TERLARIS VH1"""
4996,Meja Kopi Bulat Meja Teras Kuat dan Kokoh Tahan Air DC011S BONUS Taplak BERAT HANYA 1 KILO
4997,HADA LABO GOKUJYUN STARTER PACK (isi 3 pcs)
4998,DINNY- Piyama SIZE 11 usia 9 s/d 10 tahun
4999,COD TERLARIS!!!BONEKA PANDA JUMBO 85cm
5000,Masker kain tali panjang masker katun tali pisah sambung hijab hidung mulut anti virus
5001,Casing Soft Case TPU Silikon Matte Transparan untuk iPhone x / 11 / 11pro / 11promax / X / xsmax / xsmax Cover
5002,Charger HP VIVO Fast Charging V11 V15 Y17 V3 V5 MAX V7 V9 Y53 Y55 Y55S Y65 Y69 Y71 Y83 Carger Casan
5003,Set Alat Makan Portable Bahan Jerami Praktis Ramah Lingkungan Wheat Straw Set Sendok Garpu Sumpit
5004,Madu Anak Ratu Lebah Junior DHA GOLD
5005,KERTAS HVS A4 75 gr PP lite support by gosend dan grab instan min order 1 dos(5riem)
5006,GOLDFOX MASKING TAPE 1CM / LAKBAN KERTAS UKURAN 1CM
5007,BARU!! Konektor Pengait Tali Masker Random
5008,Baju Muslim Koko Adam 1 - 5 Tahun MAXKENZO Zilvia Store Setelan Baju Muslim BerKualitas
5009,BAWAHAN WANITA ROK PLISKET MAXI PLEATED TERLARIS
5010,Kojic Soap Thailand Super Whitening Original Inport Thailand New Pack (Khusus Grosir) m
5011,Chil Kid platinum vanila / madu 800gr
5012,Lampu Lemari Otomatis (LED Automatic closet light)
5013,Panci Elektrik Mini18cm  - Multifunctional Electric Fry Pan - Panci+Kukus Listrik
5014,Kacamata Bulat Design Korea Pria Dan Wanita TIKTOK Boboho
5015,"Dompet wanita, Dompet kartu pendek, dompet kartu card Dompet pendek"
5016,SAFI AGE DEFY GOLD WATER ESSENCE 30ml
5017,KNOT HAT (Topi Bayi)
5018,Bracket amplop
5019,Ovomaltine 240gram / Ovomaltine Crunchy 240gr / Ovomaltine 240
5020,COLLAR BOMBER JACKET
5021,Menjaga Bayi Dari Gigitan Nyamuk - Bugs Away (Cessa Natural Essential Oil) by ayusw1996
5022,PRB - Parutan Bawang Alat Press Penghalus Bumbu Dapur Mini Serbaguna
5023,Alat Pemeras Jeruk Nipis Jeruk Lemon Perasan Jeruk Lemon Pemeras Lemon Bahan Stainless Steel Orange
5024,Alat Pengupas Buah Praktis - Peeler/Fruit Slicer Murah
5025,Clipper Alat mesin cukur 3in sonar 5802 rambut jenggot bulu hidung
5026,Lampu Bohlam LED PHILIPS 4 Watt Warm White KUNING 3000K E27 Garansi Resmi 4Watt 4 W 4W
5027,Celemek Apron Masak Karakter Waterproof Anti Air  Plastik Dapur
5028,250 Gram GULA HALUS / DONAT
5029,Cover Pelindung Pakaian Anti Debu Transparan Dustproof Organizer
5030,VACUUM KOMEDO ALAT PEMBERSIH KOMEDO DAN JERAWAT PEMBERSIH PORI PORI KOMEDO ELEKTRONIK-GOODFELLAS
5031,\xe2\x98\x85 Cayman \xe2\x98\x85 Cermin Kaca Bulat Kecil Dandan Rias Motif Kartun Lucu Murah Kaca Make Up Kosmetik HL005
5032,PARFUM SWITSAL / SWITSBABY CERRY BLOSSOM PINK 35ML + BOX ORIGINAL BONUS POUCH / MASKER
5033,FREE BUBLE ATAU DUS DISPENSER SABUN CAIR DOUBLE 2 TABUNG
5034,IMBOOST FORCE - 1 LEMBAR 10 KAPLET
5035,Shampo pantene anti lepek  exp 2022
5036,BANTING HARGA Meja Lipat Portable / Meja Kerja Meja Lipat Serbaguna Uk 120cm x 60cm Model Kaki Bulat
5037,(50 Lembar) Kertas Art Paper Carton Karton A4 210 Gsm Gram Putih 2 Sisi Glossy Tebal
5038,Jawara Saus Sambal Hot 120 ml
5039,Iphone X Xs MAX XR Back Change Iphone 11 11Pro 11ProMAX Carbon Fiber Protective Film Photo Frame Upgrade Iphone 11 Case
5040,Strap Nilon Pengganti untuk for Apple Watch 6 se 5 Band 44mm 40mm
5041,ORGANIC SHIITAKE MUSHROOM POWDER 25GR
5042,TERMURAH !! WALLPAPER STICKER DINDING GH  45cm x 10mtr SHABBY CHIC (BUNGA BUNGA)
5043,Kaos Distro Lengan Panjang Bandung
5044,Habbatussauda Extra Propolis Trigona 200 Kapsul UMS | Habatussauda
5045,Double Tape Nano Gel Bening Tahan Air Lebar 30mm Super Kuat Bisa Cuci
5046,Olay White Radiance Intensive Lotion - 30ml [P&G]
5047,CELANA PENDEK FUTSAL ADIDAS CELANA SAKU RUNNING OLAHRAGA
5048,ORI Cream RK Glow by ANJ / RK Glow Premium / RK Glow Acne / Kosmetik Viral / zamzam / beauty Lotion
5049,Anti-peep Magnetic double sided Tempered Glass case Protector Bumper for iPhone 8/7p/8p/X/XR/XS MXS
5050,Powerbank fan kipas portable ROBOT RT-BF07 BF07 2000 mAh
5051,BANDANA RAMBUT / HANDUK FACIAL / BANDO MANDI
5052,CR CMS005 Mainan Buku Gambar Bisa Dihapus 6 Halaman dan 4 Pensil Warna
5053,TRIPOD MINI SPIDER HOLDER U TRIPOD HP GO ACTION TRIPOD FLEXIBLE AUTOPUS PHONE STAND SPIDERMAN
5054,BPOM Benton Snail Bee High Content Essence 60ml
5055,Plastik Rea Kemasan Baju Tanpa Plong HD 35x50cm
5056,1KG BISA 7PCS | GEYSA PANTS / CELANA STRADI / CELANA SALUR SELEBGRAM
5057,Koko Syubbanul Muslimin Koko Azzahir Koko Baju
5058,PIGEON BABY LOTION 100ML
5059,"Wiper Frameless  New  Avanza Clear Advantage 21"" & 14"" -62188 62184"
5060,Case Autofocus Softcase Oppo F9 A5S A7 A12 Silikon case Lembut Hitam
5061,PARFUM MOBIL AROMA KOPI BALI
5062,Juz amma saku PN
5063,Jumpsuit Sweety uk Bayi 3-12 Bulan / Baju Anak Perempuan Overall Kensi Baby Cewek Adem Born Import
5064,Alat Pijat Kepala / Relaksasi Kepala / Head Massager (murah)
5065,Promina Rusk Kacang Hijau 130 g x 1 Pcs
5066,iPhone 6S - Smartphone Apple Bergaransi Termurah
5067,Kaos pria Oneck
5068,AONEZ 4Pcs Jerami gandum Wheat straw Alat Makan Sendok Garpu Sumpit /Set Travel Cutlery 4 colors
5069,Bubble wrap
5070,Dasar-dasar akuntansi jilid1
5071,Everwhite Hi Collagen Drink 20 Sachet
5072,Plain Maxy Bahan cerruty Busui Full furing
5073,Plossa
5074,Mentega Blueband   500gr
5075,Bra Model Off Shoulder & Slim dengan Tali Silang
5076,Case iPhone 11 Pro Max / 11 Pro / 11 Spigen Rugged Crystal Softcase Transparant Clear Casing
5077,SASIMI LIP TIN ALOE VERA 99% LIP GLOSS S721 - Sasimi aloevera lip gloss liptint aloevera
5078,Oreo Biskuit Krim Cokelat 28.5 gr [1 Box Isi 12 pak]
5079,PENGGEMUK BADAN ORIGINAL 100% UNTUK 30 HARI
5080,BEST SELLER! SAMBAL PETIS BOYYA KHAS SURABAYA 270 GRAM
5081,Tshirt mickey square ukuran all size over size
5082,PAVITA MAXY / VICTORIA MAXY / CLAUDIA MAXY JEANS PREMIUM /NIRMALA MAXY / AENI DRESS RC
5083,Huki Nipple Dot Silicone Reguler Toples / Dot Nipple Silikon Huki Reguler
5084,Kemeja dewasa XL muraah
5085,\xe3\x80\x90Bayar di Tempat\xe3\x80\x91 Kitchen Tool Gadget Convenient Egg Yolk Separator Divider Holder Sieve White FCT
5086,SUKRO POLONG 140gr
5087,ALKOHOL SWAB ALKOHOLSWAB BOX
5088,MUKENA ANAK KATUN KATUN UNICOREN PINK DAN BIRU  SIZE XS-XXL USIA 3-12 THN
5089,Cetakan Martabak Mini 7 Lubang
5090,Sandal jepit hello summer AA
5091,[Bayar Di Tempat]Casing Soft Case TPU Silikon Transparan untuk iPhone 6 / 6S / 8 / 7 Plus / X / X
5092,Naturein Sanitizing Water 100ml | pembersih antiseptik bayi alami serbaguna
5093,HIJAB DENAY KW CANTIK TERMURAH / ARMY BUNGA
5094,Butter Hollmann   500gr
5095,Friskies Party Mix - Snack Kucing
5096,Tricks Snack Baked Crips Kentang - Rasa BBQ- 1 Box 10 Pcs
5097,PHILIPS Lampu Emergency Lamp Rechargeable LedBulb 7W 6500K Putih
5098,Wardah Renew You Anti Aging Facial Wash 100ml
5099,Makarizo Hair Energy Scentsations Hair Fragrance White Musk 100 mL Parfum Rambut / Hair Parfume
5100,Baju Wanita Murah Kekinian Grosir Cewek Shinta Pj Navi Bhn Katun Rayon Fit To L Ld 105 Pj 140 Polos
5101,( READY ) LAZEL GLUTA PURE BY SKINEST CLINIC LACHEL SUPLEMEN PEMUTIH 100% ORI
5102,NA BOLDE Kain Refill Spray Mop Microfiber / Alat Pel
5103,JAM TANGAN WANITA IMPORT RANTAI MAGNET
5104,Spatula Set Stainless Steel 6 In 1 Kitchen Ware Set - Stainless Steel
5105,JEGGING ANAK SIZE 2 / GROSIR JEGGING ANAK / JEGGING TERMURAH / LEGGING JEANS STRECH
5106,SEPATU SNEAKERS KELSEY GS102
5107,3M Double Tape Foam 24 mm PE I Isolasi Solasi Bolak Balik Spon Busa 1600TG Daya Rekat Kuat Original
5108,BLUE BAND Rice Mix / Campuran Nasi [45 g]
5109,kondom sutra merah isi 12 buah kontrasepsi KB kesehatan pria wanita
5110,"Emina Sugar Rush Lip Scrub, Emina Lip Mask"
5111,Rifle Scope - Teleskop Bushnell 4x20 - Teleskop Senapan Angin Berkualitas
5112,Sosis Sapi Horeca Bernardi 1kg
5113,2020 Iwo 15 Smartwatch Seri W26 Layar Sentuh 1.75inci Dengan Bluetooth+Monitor Detak Jantung+Ecg Ppg
5114,Celana Chino Original Trondheim
5115,MAYBELLINE SUPERSTAY INK CRAYON 1.2 g
5116,"Unit Rak Dinding/ Rak Dekorasi 60x70 cm, putih serbaguna LRBRG"
5117,Kaos JUMBO ukuran XXL-XXXL KAOS boombogie termurah
5118,JILBAB MASKER SHANIA NIQAB LENGAN / KHIMAR / CADAR TALI PREMIUM / KHIMAR JUMBO / SYARI
5119,Sepatubandung_ AERY - Tas Selempang Wanita
5120,kasih fashion piyama tidur - AND bear - konveksi tanahabang
5121,GAMIS POCKINA DRESS MOSCREPE PREMIUM
5122,Flucat obat flu pilek kucing
5123,Milo cube/ cokelat
5124,4A Micro USB Kabel Cable Data Charger Quick Charger Fast Charger Ori
5125,Tempelan Rambut / Penahan Poni Isi 2 Pcs
5126,"b""[QURAN-MODERN] Enmac ALQURAN PQ 15 Al-Quran Pen Murah Quran Digital PQ-15 T'rbaik."""
5127,Kurma Sukari 1kg Lembut dan Basah
5128,TERMURAH - KUNCI L SET BINTANG PANJANG KOMBINASI HDT 9 PCS
5129,Hanasui Anti Aging Peel Off Mask Gold
5130,wallpaper dinding sticker  45cmx10m
5131,Musk By Lilian Ashley Eau de Toilette Black 70ml
5132,PURBASARI Lulur mandi 125gr / 235gr
5133,SEPATU WANITA PANTOFEL FARADELA HEELS F02-05.7 TERMURAH BERGARANSI
5134,KEJU WINCHEEZ 250gr / Keju Cheddar Winchees / Keju Winchiz BEST SELLER
5135,Ikat Pinggang Kulit Imitasi Aksen Lubang Tali Ganda dengan Rantai Adjustable untuk Wanita Gaya Punk Fashion Import
5136,GANTUNGAN BAJU / HANGER KAWAT JUPITERS ISI 10 (80425005)
5137,Anticrack Vivo Y91 Vivo Y93 Vivo Y95 Y91C Silikon Case Softcase Jelly Bening Lembut Transparan New
5138,SMST Celana Chino Motz Reguler
5139,Animal Farm Piano Mainan Piano dengan aneka musik ceria - A003
5140,RAK HANDUK JEMURAN HANDUK VINODA/NAGOYA 75CM
5141,Rain Cover Bag Consina 60 Liter 60L
5142,Sikat pembersih sedotan stainless Brush pembersih sedotan besi
5143,Kertas lakmus 80 pcs suncare ph paper 80 strip blue red litmus paper cek tes air ketuban [PH80]
5144,Spidol 12 Warna
5145,Dompet kartu motif slot 20
5146,karpet bulu 100x150x2cm ANTI SLIP
5147,Koko anak rayya syawal 1-5 tahun GUDANG.CLODI
5148,Wardah Lightening BB Cream Light 30 ml
5149,bubblewrap 50 meter x 30 cm plastik bubble tebal pekat lentur (ekspedisi 1 roll/per check out)
5150,Pigeon Baby Compact Powder 45gr Paraben Free
5151,MUKENA LED NYALA KARAKTER / MUKENA ANAK LUCU MURAH
5152,Mic 3.5mm Microphone with Clip for Smartphone Laptop Tablet PC Camera
5153,Wardah Everyday Fruity Sheer Lip Balm Strawberry 4g
5154,#COD# Espio Collagen Soap ORIGINAL
5155,Nu Amoorea Beauty Plus bar stemcell 15 gram dijamin ori
5156,SENDOK SET PELENGKAPAN MAKAN  / SENDOK GARPU SUMPIT  TRAVEL SET OUTDOOR
5157,Cone Mangkuk Alat Olahraga Latihan Kun Mangkok Marker Sport 005-1
5158,Party popper /confetti (khusus wil. Jawa timur)
5159,Rii Mini i8 Keyboard Wireless Touchpad RC with 3 COLOR Backlight
5160,Flashlight Earpick / Korek Kuping nyala LED
5161,NYU Creme Hair Colour Natural Brown
5162,Storage Decorative Rack Shabby chic rak kosmetik hp remote
5163,SET KOKO SUPER KATUN BORDIR DANIS BORDIR 2-12THN / SETELAN KOKO ANAK
5164,\xe2\x9c\xa8STAR\xe2\x9c\xa8 Herborist Minyak Zaitun Uk. 75 ml
5165,Zara Suede Vinyl Mule Heels
5166,Casa di Oliva - Olive Oil - Evoo
5167,VELVET JUNIOR Masker Anak dan Dewasa Hijab Nyaman Digunakan Masker kain 2 Lapis SBC
5168,Madame Gie Total Cover BB Two Way Cake - Bedak Padat
5169,Jacquelle Blur Effect Foundation
5170,SETELAN JOGGER PEREMPUAN / SETELAN SWEATER 1 - 8 Tahun SIBUYA
5171,PERFETTO keju mozarella cheese 250gr
5172,Beras Premium Slyp Super Eunak 4 Kg - SMG (Harga + Ongkir)
5173,Samsung A10s bisa gosend
5174,Garnier Light Complete Booster Serum 30 ml
5175,[7 - 10 Tahun] Kaos Anak Karakter Laki-laki Crane Pemadam Dinosaurus Spiderman Superman Cars
5176,Hair oil pappermint tumbuhlab
5177,BOLA VOLI VOLLEY PROTEAM ELEGANCE ORIGINAL
5178,NA Gunting Kuku Karakter / Cartoon Nail Clipper / Nail Clipper
5179,Celana Panjang Chinos Pria Original Premium
5180,Pixy UV Whitening BB Cream 30ml
5181,Wallpaper Stiker Dinding Motif Batik Bunga Ungu Size 45cm x 10m
5182,Tempered Glass Anker GlassGuard for iPad mini 4 Clear - A7400
5183,COUPLE ARON 4WARNA
5184,KUKE LS-01 Timbangan Gantung Digital 50kg / Timbangan Digital / Timbangan koper / Timbangan Travel
5185,Pembukaan Cincin Mutiara Ukuran Disesuaikan Berbentuk U
5186,Powerbank Fast Charging ACMIC Slim F10 Pro Quick Charge 3.0 With Digital Display
5187,Nova Pengering Rambut Lipat Hair Dryer
5188,(KK) SABUK GESPER TACTICAL MILITARY
5189,SIMPLE Kind to Skin Soothing Facial Toner 200ml
5190,Masker organik by Poupeepou 25g[ FREE KUAS PEMBELIAN 5 PCS ]
5191,[KKS] Celemek Masak Bahan Tebal Bisa Lap Tangan / Apron Celemek Tahan Air
5192,Lampu Stop Proji Rainbow
5193,PRIME PRIMEROSE JOJU COLLAGEN 33 TABLET ORIGINAL DISTRIBUTOR RESMI/ UPDATE DARI CL COLLAGEN 12TH
5194,PHILIPS Setrika Uap Listrik - GC1418 Steam Iron
5195,Enblanc indipink 20S wipes tissue basah premium korea
5196,Hada Labo Gokujyun Ultimate Moisturizing Face Wash
5197,TIMBANGAN DIGITAL DAPUR 10 KG
5198,MMTOYS MB135 Mainan Anak Marble Run 105pcs / Mainan Jalur Kelereng / Block Kelereng Mainan Edukasi
5199,(3pcs1kg) Jaket Rajut Twoton Areil Noah Unisex | Jaket Rajut Twoton Ariel Noah Premium Murah
5200,Kunci L Set Tools 10pcs / 10in1
5201,"Siliwangi Lada Bubuk 1,5 gr x 12"
5202,Marcks Teens Micellar Water 250 ml
5203,KAOS KAKI PANJANG BOLA FUTSAL NIKE POLOS GRADE ORI
5204,Selang Air Taman Magic Hose 30 Meter / Semprotan Air Fleksibel / Selang Air Ajaib 100FT SG-30
5205,KMJ KOKO AMMAR JC KOKO DEWASA Baju KOKO PRIA KOKO COWOK KEKINIAN KOKO MURAH KOKO MUSLIM MURAH
5206,PENGANTAR TEORI EKONOMI BY SUHERMAN ROSIDI
5207,Morinaga BMT gold 200gr
5208,MASKER KAIN AMERICAN DRILL TALI
5209,UTICON ST118 Stop Kontak 1 Lubang - TANPA KABEL
5210,Dilmah Exceptional Berry Sensation Tea - Teh Celup
5211,Whitelab Brightening Face Toner
5212,Ekstra Bubble Wrap
5213,Tempat Pensil Kapasitas Besar Motif Kaktus Gaya Korea
5214,PELENTIK BULU MATA VINY TERMURAH !!
5215,"Cussons Gift Bag Mini / Cussons Baby Mini Bag , Gift Set Bag"
5216,Alat pasang bulumata magnet/magnetic eyelash applicator/penjepit bulu mata magnet/alat bantu magnet
5217,Pakaian Olahraga Wanita Sport Bra Yoga Wanita Tanpa Kawat Murah Produk Import
5218,311 Pensil Alis JustMiss Oren PENDEK Pencil Eyebrow Just Miss Brown--g.k--
5219,Sepatu Mizuno Wave Lighting Sneakers Casual Pria Running Jogging Sporty Sekolah
5220,TERMURAH MIC KABEL SONY M100
5221,Kaos Anak LAKI - LAKI ULTRAMAN - 64 FullPrint 3D
5222,DASTER BALI SIZE XL
5223,Kaos Training Nyke ( G-RIS ) / Baju Olahraga / Baju Running Ukr M~L~XL
5224,BAJU RACING
5225,Sophie Paris Talinia Bag Tas Wanita Maroon (T5310M2)
5226,Scarlett Whitening By Felicya Angelista!!
5227,READY STOCK BEST SELLER !!! ISLAMIC PARENTING [HC]
5228,Celana Bahan COMBED M - XL Celana Bahan Basic Kantor Kerja Girl Wanita Jumbo Big Size
5229,Obeng Set 31in1 - Obeng Set Telur - Obeng Mini Service Elektronik HP
5230,PREMIUM MINI KHIMAR by daffahijab
5231,WHY SECRETARY KIM 2
5232,Warasa bumbu jepang non msg
5233,Eagle Eucalyptus Disinfectan Spray 280ml ( Caplang ) Free Bubble Wrap
5234,HERBORIST LULUR TRADISIONAL  EXTRACT + BRIGHTENING 100 GR
5235,TGB Vakum Sisir Kutu Elektrik / Vacum Penghilang Kutu / V Comb Vaccum Kutu
5236,BYDAY Emery - Spaghetti Straps Tanktop / Tube Top / Tanktop Kemben / Square Tank
5237,ZERNII SARINGAN FILTER KERAN AIR ZERNII
5238,Jamu double strong
5239,{Lav- F540} Sepatu Flat Shoes Karet Wanita
5240,COD DNM Eyebrow Pencil Pensil Alis Anti Air Dengan 2 Pilihan Warna Kecantikan Kosmetik Mata
5241,NM582 Daun Rambat 1Pcs / Daun Pot Gantung Bunga Plastik
5242,SOLOGROSIR(COD)IKAT PINGGANG MINI BELT GAMIS WANITA
5243,Masker Sensa Earloop 3ply
5244,Giotto Acquerelli Mini Watercolor WaterColour Cake Cat Air Pocket 36
5245,KIMBO Sosis Lauk Rasa Ayam Bakar 75 gr
5246,Acnes Sealing Jell 100% Original
5247,Kacamata safety/kacamata APD Tony Stark
5248,BABYPOTATO - Premium Baby Sleepsuit Motif Dandelion
5249,GAMIS POLOS JUMBO/ GAMIS BALOTELI/GAMIS SERENA BY RISMATRIE
5250,Mainan Koleksi Sylvanian Families Red Roof Cosy Cottage
5251,JERSEY MANCHESTER. UNITED HOME 2019/2020 GRADE ORI
5252,Celana Jeans cewek skinny/celana jeans skinny wanita
5253,Thermometer Hygrometer Digital LCD With Probe Humidity Temperature
5254,Container Box Spark CB 30 Liter Shinpo Dengan Roda / Box Container / Box Kontainer Plastik
5255,MOBIL TAIO THE LITTLE BUS ISI 4
5256,Balon PVC transfaran / PVC balloon 24inch high Quality
5257,Gembok alarm
5258,How To Win Friends And Influence People Oleh Dale Carnegie (cover baru 2019)
5259,FREE BUBBLE - HELM T1 MODEL INK CX22 DOUBLE VISOR MURAH RESELER COCOK PRIA WANITA  DROPSHIP RESELER
5260,Jam Dinding Shabby
5261,( MIKA ) Sponge Beauty blender Gucci Mika/spons gucci mika
5262,Noosy Adaptor Sim Card - Nano Micro Standart + Reject Tray
5263,SEIN TEMPEL LED GMA OVAL UNIVERSAL MOTOR FAIRING
5264,Consina Waist Bag Coda
5265,Mukena Flanel Ransel Melody Doti Lavender
5266,LADIESBAG - 2FUNGSI RANSEL DAN TAS SELEMPANG HANDBAG BAG WANITA CEWEK FASHION MURAH IMPORT
5267,DD373 (1KG=65PCS) COD Kaos Kaki Bayi Karakter Hewan Lucu Kaos Kaki Bayi ala Korea Lucu Anti Slip Mrh
5268,Hitori Mask - Masker Kain Bahan Scuba Tebal dan Nyaman by FEMINE
5269,1kg-3pcs Buku Gambar / Chalk Doodle Book
5270,KINGS- T581 Topi Rambut Kepang Dua / Baby Hat Wig / Topi Bayi Kepang / Topi Kupluk Bayi / Topi Rajut
5271,Nutrinidrink Powder 400gr Vanilla Susu Untuk Anak Usia 1 -12 Tahun
5272,"DB GAMIS GHANIA(C2) BABYTERRY HALUS & KANTONG KIRI, KANAN"
5273,Set Rice Molding - HK/Bunny/Bear Bento Tools - Cetakan nasi
5274,Casing Bahan Tpu Motif Star Wars Untuk Iphone 11 7plus 8plus 7 8 Iphone 6 6s Plus Xr X Xs Max 11pro Max Se 2020
5275,Bantal set cinta karaker(80cm)
5276,Headset Earphone Samsung Galaxy S7 Original Black
5277,long dress JUMBO wanita CERIA CERIA
5278,Panci Listrik Elektrik Multifungsi Panci Multifungsi Elektrik Alat Masak Travel Q2 8518 / Q2-8518
5279,"b""[BPOM] MARCK'S Marcks Active Bedak Tabur Beauty Powder 20g"""
5280,Bebelove 2 gold 700g
5281,Herbilogy Breastfeeding Capsule / ASI Booster (60 Capsule)
5282,JAM TANGAN SPORT COUPLE LED Digital GLOW Strap KARET MURAH IMPORT
5283,KIPAS ANGIN MINI PORTABLE / MINI FAN USB / KIPAS ANGIN USB
5284,NHTID Tali Kur Nilon untuk Jaring/Teralis/Jala Tanaman Rambat di Kebun
5285,MI BONCABE KOBE LEVEL 15 RASA MIE GORENG 105 GR
5286,BANDO KAWAT MOTIF - BANDANA RAMBUT KOREA - AKSESORIS HAIRBAND BUNNY
5287,Dompet Lipat IMPOR Pria Fuerdanni Exclusive Cowo Leather Mens Wallet Kulit
5288,Helm karakter bogo/retro kulit sepatu
5289,Spidol Ban TOYO PUTIH - Paint Marker Toyo Kualitas Terbaik
5290,Masker Scuba Anak Full Printing
5291,Selection facial cotton kapas
5292,Topi  bayi / face shield baby / topi bayi visor
5293,Buavita Orange 250 ml
5294,GAMIS RUFFLE BAWAH DOUBLE
5295,Pixy Waterproof Mascara
5296,Pureco Liquid Fruit Veggie and Salad Wash
5297,CS003 Gantungan hp strap phone tali leher motif karakter kartun brand all type hp
5298,Tudung Saji Kotak Lipat Penutup Makanan Sayur Alumunium Foil Tahan Panas
5299,Maura dress/maxy
5300,GOON SMILE BABY PANTS  S40 M34 L30 XL26 | S 40 M 34 L 30 XL 26
5301,New Basic Shirt Part 2
5302,OSM - P185 Popok Kain Berkancing / Popok / Popok Bayi / Bisa Dicuci & Pakai Lagi
5303,[220gr] H015 | Keset Cendol Mikrofiber Premium Quality
5304,Jessen Cooler Bag GABAG Single Infinite Series / Tas Asi + Free 1 ice gel
5305,Kabel Charger Fast Charging USB Tipe C 5A Quick Charge QC 3.0 untuk Handphone
5306,5M Balloon Strip Connect Chain Balloon Arch Decor Plastic DIY Tape Party Supply\xe2\x98\x86
5307,Somethinc Niacinamide + Moisture Beet Serum - 20ml / 40ml
5308,Tas Kosmetik Monopoly Travel Make Up Wanita Bag in Bags Traveling Organizer
5309,[ MZ 26 ] Baju Olahraga Jersey Sepak Bola Kaos Setelan Futsal / Volly / Voli / Badminton
5310,Long top tunik polos
5311,Unifood tepung BAKSO goreng 200 gram
5312,Lampu Agustusan Warna warni
5313,"Celana panjang pria cargo cream, cargo casual. celanacargo pria D34"
5314,Biji pinus / hiasan dekor cantik
5315,sandal Wudhu Masjid Musholla Sedekah Wakaf Murah - Sandal Jepit SWM 10
5316,Piring makan set karakter mickey/tempat makan anak/ mangkok mickey pita set
5317,[BPOM] MISSHA Airy Fit Sheet Mask
5318,Headphone MDR XB 450 / XB450 / XB-450 / EXTRA BASS KABEL
5319,Hukum acara perdata by Prof Sudikno mertokusumo
5320,Pembersih Kerak
5321,Kabel Konektor Splitter 3.5mm audio Mic & Headset Microphone & Headphone
5322,Bestway 54005 Kolam Renang Karet Anak Keluarga Besar 201 cm Rectangular Family Pool [201x150 x51cm]
5323,Bosh arm Vixion bosh fork vixion
5324,Xamthone Plus | Xamthon | Juice Ekstrak Kulit Manggis Original
5325,Cosmos Rice Cooker Harmond CRJ-6368 - 2L
5326,[COD] Milo Cube 100pcs exp JULI 2021 FREE PACKING
5327,Celana Chino Panjang Pria
5328,You C1000 Isotonic Drink Orange Water 500Ml
5329,Koepoe Koepoe Baking Powder 1kg
5330,"Habbatussauda ""KURMA AJWA"" 120 Kapsul"
5331,Lap Kain Pembersih Microfiber Honaga 40x40 cm
5332,Kaos Kaki Anak Bulu Motif
5333,Handuk Mandi MATEO BAMBOO By Terry Palmer 70 x135 cm
5334,Jam Tangan Pria Digital Analog Skmei 1274 Gold Water Resistant 50m GESPER HITAM
5335,Baju Wanita Husna Dress Navy Grosir Baju Muslim Gamis Kekinian Murah Long Dress
5336,SSEPATU SNEAKER ZOOM 03 RUNNING TERLARIS
5337,Silicone Gloves - Sarung Tangan Karet Cuci Piring
5338,PROMO - PARFUM WANITA JO MALONE ENGLISH PEAR & FRESSIA EDC [100mL] - Original Singapore - BISA COD
5339,PENJEPIT BULU MATA / JEPITAN BULU MATA
5340,Oral-B Bilas Mulut Rinse ProHealth 500ml [P&G]
5341,"Bohobaby Button Top 2Y, 3Y/Baju Atasan Bayi Kancing/Kaos Rib Anak Polos Lembut Lengan Pendek Murah"
5342,Chiayo Muesli Homemade 300gr
5343,BEST SELLER !! SURFINCLO | BISA COD | BOKSER | BOXSER | BOXER PANTAI | RADER | BOXER MURAH | SALE
5344,Promo !!!!! Pixy Make It Glow Dewy Cushion
5345,SANATA finger counter tasbih digital alat hitung elektronik No16010063(COD By SHOPEE)
5346,Termurah hijab instan anak diamond crepe
5347,Apple Quran Termurah + FREE UJICOBA PASTI BISA !!  BISA REQUEST WARNA! [APPLE]
5348,Buku Kreativitas Anak Full Color Untuk PAUD / TK
5349,TP11-Topi Kupluk Polos Anak Bayi Unisex
5350,Marshwillow Black Forest Liquid Eyeliner by Natasha Wilona [ PUSAT ]
5351,Slip Sandal Wanita Mika Samping
5352,[COD Spot] Empeng Buah / Dot Buah / Fruit Feeder Pacifier / Dot Buah Bayi FREE POST
5353,Masker komedo gelatin 50gr macam2 varian
5354,SPECIAL PROMO - BAJU KAOS BAYI / ANAK
5355,SCIENCE MASA DEPAN : Cookie  Run Sweet  Escape Adventure
5356,TSHIRT WHO CARES - KAOS ATASAN WANITA OBLONG
5357,Buku Ilmu Tajwid Praktis Metode Asy-Syafii
5358,Audio Jack Music Bluetooth Receiver
5359,Kemeja Lengan Panjang Kasual Pria Long Soft Pink 5177 Oxford Slimfit
5360,Followme Shampoo
5361,MINISO Tas Selempang Wanita Sling Bag Kecil Bulat Boston Fashion Lucu
5362,Catok Rambut Haidi HD768 Catokan HD Top Sonic Haircare Pelurus Rambut Kecil Pink Multifungsi Travell
5363,Doremi Thomas & Friends Shampoo & Conditioner No. 1 Engine 200 ml
5364,My Taste Saos Blackpepper 500gr
5365,Storage bag tinggi bags organizer box / tempat penyimpanan pakaian baju celana keranjang selimut new
5366,Blouse Combin Absnot
5367,Crystal of the Sea White Anchovy Powder / Bubuk Ikan Teri Whitebait (BPOM!)
5368,Acnes Natural Care Oil Control Toner 110ml
5369,LP TIMBANGAN DIGITAL MANGKOK  Timbangan Kue Digital Electronic 5 kg B05
5370,WARDAH Lightening Liquid Concealer 7gr
5371,MIC WS858 WS-858 Portable Bluetooth Wireless Microphone Speaker Karaok -076
5372,Tenda Kastil Kerucut Bermain Anak Model Castle Kids Portable Tent Material Polyester
5373,SPREI POLOS ALOHA UK.180X200 B4
5374,Latulipe acne soothing mist
5375,Lampu Tumblr RAINBOW / Natal LED / Dekorasi / Twinkle Light TS
5376,Lactacyd Baby Liquid Soap 60 ml & 150 ml & 250 ml
5377,Porto Sepatu Sneakers Sports Pria AA001M Size 39-43
5378,Microphone Wireless with Clip for mic Smartphone / Laptop / Tablet PC
5379,[SHARE IN JAR] PIXI GLOW TONIC ORIGINAL
5380,Modul Pendeteksi Halangan Bayangan Sensor Obstacle Avoidance infrared reflection
5381,Miranda Hair Vitamin Blister - Jojoba Oil 6x1ml
5382,Gekikara Ramen by Nissin - PORSI PAS
5383,Penghapus Pensil Joyko Hitam Putih Kecil Sedamg Besar
5384,NEW ! Tombow Dual Brush Pen Bright Pallete Set 10 CLR
5385,JILBAB SEGI EMPAT QUEEN / HIJAB MURAH
5386,MICRO MULTI PLIER {TANG SPLIT RING} UNTUK MEMASANG RING PADA SOFT LURE / MINNOW
5387,Jepitan Gorengan Dengan Tirisan Minyak 2 In 1 Stainless Steel
5388,Jam Tangan Wanita Sangat tipis Hannah Martin 100% Original Quartz kulit Cewek Women Watch COD Arloji
5389,USB Bluetooth Audio Receiver Wireless with Mic Music Reveiver
5390,Lifebuoy Sabun Mandi Cair Antiseptik Total 10 500 ml - Body Wash Sabun Antiseptik Sabun Cair Pump
5391,BTS iPhone 11 Pro Max iPhone 6s 6 7 8 Plus X XS Max XR CASECiTY CASETiFY BT21 Cases Soft Case Cover
5392,LACTACYD BABY LIQUID SOAP 60ML/150ML/230ML
5393,Appeton Weight Gain 450 gr
5394,Sepatu Sneakers dengan Bahan Breathable dan Lampu LED Warna Warni Bergaya Sporty
5395,Gamis Anak Tanggung
5396,PIXY Lipstick Matte in Love 505 - Exotic Nude
5397,BATHAHOLIC REED DIFFUSER 150ml
5398,KUAS MASKER / FACIAL MASK BRUSH
5399,Bagus Fancys Pengharum Lemari dan Anti Ngengat
5400,3Pasang Setelan Velvet Junior MACHU PICHU - Kutung SML - Celana Pendek
5401,Erigo Checked Pants Uranus Grey
5402,(27AN.ID) COD Sticker 3D Karakter H120 KPOP Korea BT21/Sticker Buku & Alat Tulis Label Dekorasi
5403,Avoskin Miraculous Refining Toner 100 ML
5404,SMF 10GB
5405,Sally Mini Bag - Tas Selempang Sandal Import LINE FRIEND EDITIONS
5406,Gamis anak perempuan (BAYAR DI TEMPAT) 5-11th size M L LETICIA Saleha Series Lebaran All White
5407,ABC Sari Kedelai
5408,HCL 1 LITER / AIR KERAS
5409,"b""{BISA COD} Marwah syari free hijab GAMIS SYAR'I GAMIS MURAH PAKAIAN MUSLIMAH BAJU KULIAH ELEGAN"""
5410,LACTOGROW 3 PLAIN / MADU 750G & LACTOGROW 4 VANILA / MADU 750G
5411,Gula - Tropicana slim sweetener classic 160pcs
5412,SEPATU VENTELA PUBLIC LOW BLACK NATURAL / DARK YELLOW / DARK GREEN / NAVY / MAROON ORIGINAL
5413,SBR 1500 - 360 slim matte protection case
5414,ASUS M409DA-30502T Athlon 3050U/UMA/4G/1TB/HD/SLATE GREY
5415,Plastik vacuum 15x20 cm (100 lbr)
5416,Level Chrono tas fashion wanita selempang import murah slingbag
5417,Keju KRAFT CHEDDAR 165 Gr
5418,DentaLight Dental Bone 12 pcs Size Small 90g Pembersih Karang Gigi
5419,Lakme Classics Reinvent Skin Brightening Compact
5420,Stick Touch Lamp Stick and Click Lampu Lemari Lampu Tempel
5421,6-48 bln SETELAN KAOS + CELANA (1 set) BAYI LAKILAKI ANAK PAKAIAN BAJU TIDUR FBS Catalog
5422,Face Shield Kacamata / Face Mask / Pelindung Wajah Nagita Raffi Lokal Ready Stok
5423,KACA MATA JEMUR BAYI
5424,MIYAKO HM620 Hand Mixer / Handmixer HM-620
5425,Celana Jeans Panjang Skinny Jeans Wanita
5426,Garnier Serum Mask Green Tea Skin Care x 5 - Masker Wajah Untuk Kulit Berminyak Rentan Berjerawat
5427,popok kain berkancing/klodi
5428,Wardah Renew You Anti Aging Intensive Serum 17ml
5429,Tasbih Digital Cincin Jari 5 digit Finger Digital counter tasbeh
5430,Kemeja batik pria RISNA HRB026 BATIK PEKALONGAN
5431,GIFT - Koko Krunch Combo Pack (20gr+12gr)
5432,Amara magical heart makeup kit
5433,Sepatu Sneakers Flat Anti Slip Bahan Kanvas dengan Strap
5434,Yuri desinfektan multi surface spray 500 ml
5435,[BPOM] Cussons Baby Hair Lotion 100ml+100ml & 50ml+50ml / Cusson Hair Lotion Bayi / MY MOM
5436,Swift Chopper Alat dapur rumah tangga penggiling sayur buah lombok as seen on tv
5437,Milna Nature Puff Organic Apple and Mix Berries 15gr
5438,Smartphone Case Palazzo 39283
5439,Super cat Kitten 400gr - Super cat Kaleng 400gr - wetfood - Makanan kucing basah supercat 400 GR
5440,RX FASHION NIKI BLOUSE / NIKI TOP / BLOUSE LAYER / ATASAN LAYER BAHAN TWISCONE FIT L 1R
5441,Damis Syabil
5442,PROMO!! DZUVIA TUNIK PREMIUM/ DENA TUNIK/ TUNIK POLOS PUSATGROSIR_SOLO/ ZUVIA TUNIK
5443,Gb Semi Parka Original/ Jaket Semi Parka Premium
5444,MURAH Jemuran Dinding Lipat [AJS] 80 cm
5445,EVERWHITE Blush Cream (3 in 1)
5446,ABC Sambal Asli 275 mL
5447,Meja belajar lesehan karakter napolly hellokitty
5448,Silkoro Serum Vitamin Rambut 200ml Besar
5449,Hannochs - Lampu LED Sonic - 3 watt - Cahaya Putih
5450,nivea extra white instant glow body lotion 200ml
5451,Rak Gantungan Baju / Rak Susun Serbaguna / Rak Baju Gantung / Rak Baju Portable Segi Empat - RM004
5452,"Sepatu Clipper Cukuran Ukuran no 1,5 1.5 ( 4,5 mm ) Bisa untuk WAHL"
5453,Aroma Terapi Humidifier Air Purifier Mini Aroma Terapi Mobil
5454,AM549 Lem Kuku Gel 12 Pcs Per Set Untuk Fake Nails Atau False Nails
5455,KUKE SX Y2003 Speaker Bluetooth Portable Tenteng Super Bass MP3 USB Radio / Speaker Jinjing
5456,LEONY KULOT SCUBA
5457,LANEIGE Lip Sleeping Mask Berry 3gr 100% Original Korea Pelembab Bibir 4.9
5458,DF - KEMEJA KORAN / KEMEJA NEWSPAPER
5459,Milo cube 50 pcs harga spesial !!!
5460,TAS SOPHIE PARIS TAMMY PROMO
5461,Round Dummy Security Camera Fake Cctv Palsu Bulat Replika Keamanan
5462,TEMPELAN HP 3 M / TEMPELAN HANDPHONE
5463,Fanbo all in one deep cleansing balm
5464,Lakban Bening 1 inch 24 MM x 60 Yard ( harga grosir )
5465,Novel Dewa - Salwaliya
5466,AZARINE C WHITE EYELUMINATE FIRMING SERUM 15ML
5467,SW SUNFLOWER / KOMBINASI TANGAN
5468,CELANA RUNNING FUTSAL OLAHRAGA AD01 #NEWITEM#
5469,Buku Magnet Rezeki
5470,TU88 Alat Pel Lantai Ultra Mop Aclima 1018 Black Set Alat Pelan Lantai 360 Derajat - FRM
5471,Kaos rib premium
5472,GMP GULA PASIR CURAH 1KG
5473,Timbangan Digital SF-400 berat 10kg
5474,Tombow Dual Brush Pen Avocado
5475,Celana Panjang Jeans Wanita / Skinny Jeans / Jeans Strech / Jeans Murah / Jeans Wanita
5476,Rinso Deterjen Cair 700ml Yuzu Mint
5477,Lemari Sepatu Shoe Rack 6 Susun Import Dengan Penutup - Rak Sepatu - Rak Multifungsi Portable R10B
5478,Kuas masker wajah / Kuas masker spatula masker
5479,Sprei Single Kintakun 3D Deluxe / Dluxe Terbaru Inggrid
5480,"b""Jilbab Nafisa Donita | Hijab Instan Premium | Kerudung Pastan Syar'i | Adem Nyaman"""
5481,Mini Sonic Vibration
5482,Emina  Bare With Me Mineral Cushion 02 Natural 15 g
5483,HANASUI- Body Care Series 3 in 1
5484,Bambi Baby Oil 100ml
5485,Mainan game air - seri bentuk laptop
5486,Bantal stb 21 korea bantal korea
5487,CELANA BLAKHAWK PANJANG CELANA TACTICAL CARG0 P\xc3\x80NJANG
5488,"b""Pond's Wb Serum Burst Day&Night 20 gr"""
5489,Baju Koko Kurta Pakistan Lengan Pendek Bahan Kaos Katun
5490,SHUTTLECOCK DAKOTA GOLD / KOK BADMINTON/ shuttlecock MURAH bagus
5491,Celana Formal Panjang Pria Slimfit Warna Hitam Murah Size 27 - 38 Caldin Bahan Kain Teflon
5492,Cosmos Blenz CB-802 Blender 1.2 L
5493,SEPATU SNEAKER CASUAL PRIA CONVERSE ALL STAR LOW CHUCK TAYLOR CLASSIC PREMIUM 16
5494,[Flash Sale] NAZWA SYARI size S M L | Busana Muslim Terbaru | Cassual
5495,Tas Fashion Selempang gesper transparan SUMSHINE
5496,Bantal Pijat speeds 8 Bola Massage Pillow Mobil dan Rumah Car Home 202-1
5497,SERTA Long Pillow 51x160 |  Bantal Cinta
5498,SARUNG BATIK / SARUNG BATIK CAP / SARUNG BATIK PRINT / SARUNG BATIK  PEKALONGAN
5499,"b""Marcks' Teens Compact Powder [12g]"""
5500,(BISA COD) PART 2 manset muslimah /manset baju /daleman muslimah/manset jersey premium
5501,Coklat Kerikil Helis Stone 250gr - XVRG
5502,Lemonilo Mie Goreng Instant Sehat - Mie Organic
5503,BPOM Somethinc - AHA BHA PHA Peeling Solution 20ml
5504,SLETA TUNIK / TUNIK SLETA (TANPA AKSESORIS)
5505,Tanaman Hias Mawar Batik Kuning
5506,Anycast Dongle HDMI Wireless WiFi Mirascreen Miracast G2S NEW
5507,LALA RAINBOW (MUKENA DEWASA BESAR RAYON PREMIUM)
5508,Serum Tabita Dot Putih
5509,SPEAKER MUROTTAL AL QURAN ANAK 30 JUZ 16 GB ADVANCE tp600bt
5510,Medicated Oil Four Season 40ml
5511,WEDGES SLOP KIKERS
5512,COOLER BAG KIMONO GIRL
5513,Wallpaper Dinding Sticker 45cm x 10 meter / Wallpaper Dinding / Sticker Dinding / Wallsticker
5514,Boneka ulil Jumbo 90cm
5515,KIT GRAND PRIX PREMIUM COMPOUND - PENGHILANG GORESAN MOBIL KIT 275ml
5516,Kurma Sayer 1 Kg Premium Oleh - oleh Haji & Umrah
5517,Dr Brown Sikat Gigi Bayi Silikon | Dr.Browns Finger Toothbrush | Dr.Brown Baby Jari Tooth Brush
5518,Flatshoes Bludru JT5851 Import Line tx
5519,Helm T1 doubel visor standart model ink cx22 good produk
5520,KELAMBU KOTAK POLOS/KELAMBU MANOHARA/KELAMBU KASUR/ANTI NYAMUK
5521,Prima Protect+ Hand Sanitizer pump 500ml (mohon lihat ketersediaan stok di toko)
5522,SIKAI Bumper Shell Case Screen Protector Xiaomi Amazfit BIP Lite Youth
5523,GLOW MAKER SET ( Ampoule 100ml dan Toner 400ml )
5524,KHANZAACC ACMIC D10 10000mAh Mini PowerBank (Digital Display + 2A Fast Charge)
5525,Avent Natural Bottle 260 ml Single Pack
5526,Sling Bag A6
5527,Purbasari Face Powder Daily Series 30gr
5528,Pematik Api Kompor Korek Api Gas New
5529,BULAN (NEW COVER) - TERE LIYE - 100% ORI
5530,Susu indoprima coklat 700 gr (FREE BUBBLE WRAP)
5531,loocy cardy / kardigan oversize rajut
5532,SOFTLENS SKY SOUL BABY EYES FREE LENSCASE
5533,Kintakun Handuk Stripes - Multicolor
5534,Buku Anak Islami -  Buku Huruf Hijaiyah - Boardbook - Ayo Belajar Hijaiyah!
5535,PIXY Tint Me - PIXY Lip Tint
5536,ACNES WASHING BAR 80g
5537,Sprei KENDRA POLOS 90x200 / 100X200  warna MERAH PINK HIJAU COKLAT UNGU PUTIH - Single 100 90- SP
5538,Kabel data JOYSEUS Micro USB & Type C Cable 100CM Fast Charging
5539,Happy Call Roaster Grill Pemanggang
5540,TAS IMPORT FASHION RANSEL 3357
5541,Inez Satin Smooth Liquid Foundation Alas Bedak Cair 100% ORIGINAL
5542,Veithdia Kacamata Aviator Pria Polarized untuk Aksesoris Pria
5543,Bubble Wrap for Packaging
5544,YEGZ EYELASH KODE HW-08 / isi 5 pasang BULU MATA PALSU / KIMBERLIN
5545,BISA COD MURAH BTS Dua Kali EXO Monsta X Mau Satu Kpop K-Pop Wanita Got7 Wanita Ransel Tas BTS PITA
5546,Sendok Makan Bayi dan Anak Motif Tangan Mickey Disney Lucu Impor
5547,Nivea body serum night nourish 180ml
5548,TAO KAE NOI BIG ROLL CLASSIC SEAWEED GRILL - SNACK RUMPUT LAUT 3.6GRAM
5549,Tempat Wadah Sendok Garpu Pisau IKEA SUNNERSTA Peralatan Masak Dapur
5550,TOTOLE KALDU JAMUR  HALAL MUI / MUSHROOM BOUILLON 80gr - 200gr
5551,Madu Uray 875gr + Kojima 280ml - Paket Immune Booster 1 - Madu Alami - Korma Jinten Madu
5552,ZOYA MIX - Mama Bear Minuman ASI Booster / Pelancar ASI
5553,Samsung Galaxy A10 A20 A30 A40 A50 A70 M10 M20 M30 Silicone Soft Matte Phone Case Casing Back Cover
5554,Mouse Pad Murah 24cm x 20cm
5555,SUSU DINO | CAP LANG MINYAK KAYU PUTIH 30ml / 60ml / 120ml / 210ml
5556,Fashion Camera Box Tasbatam Tasbrended Tasimport Tascant Hand Bag S9L6 Kondangan Tasbrended Diskon
5557,2Pcs / Set Pompa Asi Bahan Silikon
5558,Tempered glass full cover iwatch series 1 2 3 apple watch screen 3D curved 38 42 mm premium
5559,Hijab anak 2 in 1 turban kriwil kombinasi hello Kitty
5560,Tas Serut HOMME femme Backpack Fashion
5561,YESBABY Dress Garis Hitam Bayi Perempuan Lengan Panjang Aksen Pita Simpul
5562,PART 1 Masker 2 lapis model earloop dan headloop pilih motif
5563,Vaseline Men Face Scrub Anti Dullness 100G
5564,Acne mask 30gr
5565,Kartun kucing gel pena lucu alat tulis perlengkapan kantor belajar pena berbasis air hitam
5566,RAK KOSMETIK 3 LACI RAK TEMPAT KOSMETIK SUSUN MULTIFUNGSI SERBAGUNA murah gan
5567,Susu NESTLE LACTOGROW 3 Plain 750gr
5568,Tao Kae Noi Hi Tempura Original 25 gr
5569,Hanasui - Peel Off Mask - 10 Sachet/ Box
5570,FYGALERY ACC151 BROS SET JILBAB BROS BAJU PIN MUTIARA BROS BERLIAN AKSESORIS FASHION WANITA IMPORT
5571,Unsalted Butter Anchor 1KG
5572,SOREX CD1134 CELANA DALAM HAMIL / CD IBU HAMIL
5573,ORIGINAL Wardah Colorfit Velvet Matte Lip Mousse (READY 1-8) BPOM / LEDI MART
5574,PVN Sepatu Sneakers Wanita Sport Shoes 113 Black Pink
5575,Singlet / Camisole Wanita Tally 2005
5576,Daster Karakter - Leher Kancing (DPT001-00) Busui Alhadi Terlaris Saat ini
5577,PIGEON Cotton Swab Isi 100 Pcs - Small Tip | Cotton Buds
5578,Lampu Lilin elektrik LED tanpa api mini menyala warna natal
5579,107658-Playgro Jungle Squeaker Lion
5580,SEPATU CONVERSE ALL STAR CHUCK TAYLOR CT II 2 UNDEFEATED + BOX TAG MADE IN VIETNAM
5581,Handuk Facial  Bandana Rambut  Bando Mandi  Headband  Harirband
5582,[COD BAYAR DITEMPAT] Headphones Stereo JBL Extra Bass XB-450
5583,ACNES Pore Strips isi 3 Sheets Pengangkat Komedo BY LYNETTE
5584,Set Pisau Dapur Full Set Talenan Dan Gunting Harga Termurah Import Pisau Dapur Anti Karat Bestseller
5585,Tombow Fudenosuke Brush Pen Soft Tip [CREATIV]
5586,1.54 Inch Full Touch Screen Smartwatch Heart Rate Blood Pressure Monitor Bracelet Students Adults
5587,Belcube exp APRIl 21 plain Cheese MPASI 125gr  /Keju Bayi Belcube / Laughing Cow Belcube Mpasi
5588,SOFTCASE AUTOFOKUS XIAOMI REDMI NOTE 8 / REDMI NOTE 8 PRO
5589,Garnier Men Facial Foam 100ml
5590,Topi Mancing Topi Jepang Outdoor Masker Pelindung Wajah Kepala Full face
5591,Fresh Care Aromatherapy | Freshcare Aroma Therapy Roll On Press & Relax (Bisa Kerok) Minyak Angin
5592,Al Muyassar fii Ilmin Nahwi Kompilasi Jilid 1 2 3 - Ibn Azka Press Rumah Dara
5593,Softcase Casing Silikon Case Candy Macaron Pastel Samsung Iphone Vivo Oppo Realme Xiaomi
5594,Paperbag coklat polos ukuran 22x6x32 paperbag polos uk 22x6x32 MINIMAL ORDER 20pcs dan kelipatan 20
5595,Brasov Nail Polish Kutek Kitek 8ml
5596,Jubah anak size 1-12 thn
5597,QYID 20cm mirror glass top rotating rotary display stand turntable show holder
5598,Sport Earphone Stereo Bass Waterproof with Microphone
5599,Vitalong C Isi 30
5600,Bawang Putih Kating 250gr
5601,Ring fill light lampu selfie 3 mode 36 LED rechargeable tiktok live streaming ring clip
5602,CHARGER OPPO VOOC FAST CHARGING ORIGINAL 100% ( AK779 )
5603,Promosi Manset Tangan (Tanpa Lubang Jempol) / Handsock Jempol / Handsock Muslim / Handsock Muslim
5604,Botol minum kapasitas 2 liter / water pot bottle SELIYA 2 L with sedotan
5605,Baju Tunik Aflow by Saqina mustard series
5606,REMAX Metal Wired Music Headset With Mic RM-512 (New Package)
5607,Little Palmerhaus - Kids Denim Jogger (Celana Anak)
5608,Setelan kebaya Peplum Prilly anak 3-7th
5609,Cream Siang Anti Uv + SPF 30 ukuran 15gr / Day Cream / Cream Pagi
5610,Baseus Kabel Lightning Cable Iphone Auto Disconnect C - Shaped 1M
5611,SALE !!! DAVIS Pembersih / pencuci kutek / nail polish remover / aseton / penghapus cat kuku 60ml
5612,7-Day / 7Day / 7 Day Slim Original / Jamin Original 100%
5613,Lem FOX 150 GRAM
5614,"b""Selimut Bayi Baby Blanket Mom's Baby Othello Series MBB5010"""
5615,Tropicana Slim Susu Skim Chocolate 500g
5616,BOLDE Super Kettle Elite Series - Teko Listrik Pemanas Air
5617,DELAYA OUTHER
5618,Sabun Limau Kasturi (SALIKA) + pin
5619,Volt meter tes aki
5620,SALE 11.11 NA 07 HEELS MIKA HAK KACA
5621,CR CMB120 Perosotan Anak Luncuran Piggy 120cm
5622,Cincin Charms Olive Tree Branch Leaves Open Ring Wedding Rings Adjustable Jewelry
5623,KHIMAR NIQAB 3 IN ONE JILBAB HIJAB BERGO INSTAN FRENCH KHIMAR CADAR NADHIRA NIQAB SYARI 3 IN ONE
5624,TEMPAT PENSIL ZIP TRANSPARAN KARAKTER MOLANG LUCU / TEMPAT KOSMETIK ZIPPER / KOTAK PENSIL MOTIF CUTE
5625,"Redoxon Triple Action Isi 10 Tablet, MULTIVITAMIN,MENINGKATKAN DAYA TAHAN TUBUH"
5626,Ennwen W57 Dompet Korea Forever Young  Incheon  Dompet Panjang Wanita
5627,Y2000 Hair Straightening Smoothing / Pelurus Rambut Set Mini - 125mL x 2
5628,One Set Macaron Pastle Viscose Okedashop
5629,"Balon Foil Huruf 40 cm Warna Biru,Emas,Perak,Pink,Rose Gold ( Harga Satuan )"
5630,"BlackMores Kids Fruity Fishies 30s - DHA Anak, Omega 3 Anak, Perkembangan Otak Anak"
5631,Treatment Lotion / Obat Jerawat Larissa (Obat Jerawat Meradang)
5632,Botol Pump 250 ml | Botol hand soap 250 ml | botol hand sanitizer 250 ml
5633,Daster payung laras hitsman murah harga grosir pekalongan batam
5634,Charger aki motor mobil 12 v 6a otomatisotomatis
5635,CARABINER NATUREHIKE NH15A001-H (BESAR) aksesoris perlengkapan outdoor hiking camping mendaki gunung
5636,Gendongan Bayi Samping Okiyo 777 Dengan Tempat Botol Susu
5637,Nuvo Family Sabun Batang 76gr
5638,500 Benih Kangkung Bangkok LP-1 repack bibit tanaman sayur sayuran hidroponik
5639,Baju Koko Pria Muslim Gus Azmi Syubbanul Muslimin Kombinasi Hadroh Azzahir Hilwa Ala Santri Modern:)
5640,Sweety Comfort bronze M40 perekat tape M 40
5641,"Travelmate Tirai / pelindung Jendela Anti Nyamuk, Lalat dan Serangga"
5642,SERUM Hanasui Gold Original BPOM Jaya Mandiri
5643,(COD) Cream Malam Tabita Malaysia Original
5644,PANCI GORENG SERBAGUNA / WAJAN ENAMEL TUTUP KACA 32 cm GSF
5645,EDW 322 Dompet Kartu Bahan Kulit untuk 24 Kartu dompet kartu kulit dompet kartu atm kartu nama
5646,WAJAN KUPING GSF 34CM - WAJAN GORENG GSF 34CM BAHAN ENAMEL ANTI LENGKET
5647,"FUSION R Cover Motor STANDAR / Sarung Motor / Penutup Motor Bebek Matic, MIO, VARIO,PREMIUM QUALITY"
5648,Lensa HP Superwide 0.4x
5649,Sepatu Casual Pria Kickers JAVLIN Slop Formal Sneakers Kerja
5650,asepso 80 gram sabun mandi antiseptik
5651,Batok Charger Vizz VZ TC11 1USB 1Ampare /per pc
5652,Kemei KM 1407 Mesin Cukur  Clipper 3 in1 Alat cukur potong rambut KM-1407 Alat Cukur Bulu Hidung / Telinga / Jenggot Elektrik Rechargeable Anti Air
5653,Organic kacang merah 300 gr bionicfarm (6m +)
5654,Sustagen Kid 3+ Vanila 1200 gr
5655,SINTE BROCO Steker Arde BENGKOK L 16A PUTIH I Colokan Listrik Bagus 1331255
5656,MediHeal Essential Mask Sheet Varian
5657,Kapsul Ekstrak Daun Jati Cina Original Ash-Shihhah
5658,Fluffy Baby Diapers Tape M 36 Pcs
5659,Yummy Bites Cereal / Yummybites Cereal
5660,Serum Kinclong Ertos
5661,Tas Jelly GLOSSY MAXI Uk.18cm
5662,Correction Tape Joyko CT-522
5663,Kikkoman Hoisin Sauce - BB 300gr
5664,sepatu conver
5665,GM JOYSEUS Adjustable Desk Tablet Holder Multi-angle Stand Accessories Hitam - OT0013
5666,Kantong asi GABAG 100ml (Love story edition)
5667,Little Baby Manicure Set
5668,Biore UV Aqua Rich Watery Essence SPF 50 [50 gr]
5669,Mainan Anak Bayi Merry Go Round Musical Toys Krincingan Bayi Baby
5670,SABUN KLINSKIN MURAH ORIGINAL FULL 1 BATANG
5671,Tablet Pembersih Mesin Cuci Deep Cleaning Washing Penghilang Bau CL-15
5672,New slempang chibao bordir import anti air
5673,St.Ives -Share in Jar
5674,Minyak kayu balitung belitung asli 100% + bijikayu besi ada holgram nya
5675,PARFUM PRIA COCO DE MEN 100 ML
5676,Viva Hand & Body Lotion Asmara Cendana 100 ml
5677,Marjan Boudoin Syrup Lychee 460ml
5678,TISSUE MONTISS 250 sheets 2 ply
5679,bantal empuk / bantal duduk motif pulkadot
5680,Collarich Collagen colla rich collagen Original Thailand 100%
5681,Jam Tangan Jimshoney Kode 8123
5682,Karpet Refleksi Pijat Telapak Kaki
5683,Kasur bayi set kembu bantal guling model kolam bears biru
5684,\xe2\x9c\xa8\xe2\x9c\xa8 JAKARTA FB2600/FEJ182/FC7048 TAS SELEMPANG WANITA BESTSELLER TAS CEWEK TAS FASHION IMPOR TERMURAH
5685,Purbasari Himatte Lipcream
5686,Janeta ozawa overall rok kodok jeans wanita // Ld 100cm Pjg 120cm fit XL // WINDHIA JEANS
5687,M231 Kemeja Pria Koko Panjang Warna Abu 1366
5688,ALAS SERBAGUNA 3 METER Japanese Eat Mat Meja Makan Laci Rak Lemari TERMURAH !!
5689,SOMEBYMI Snail Truecica Miracle Repair / STARTER KIT / Serum / Toner / Cleanser / cream / 4 Items
5690,Keripik kaca kemasan 250gr
5691,CELANA PANJANG TRAINING TERMURAH
5692,SARUNG TANGAN KARET TEBAL BAGUS FREEDER CUCI PIRING MULTIGUNA
5693,COD BISA YAA !!! NEW Tabita Glow Mini ORI !!! Cream sama dengan besar
5694,Emina Creamatte
5695,SENDOK MAKAN STENLIS 12pcs
5696,BM-50 Refill Livina Spin Mop Lion Star
5697,SERUM DERMA  KEMASAN NEW BY KFSKIN
5698,Masker Kain HeadLoop Hijab NonHijab Murah Grosir
5699,HNM basic waisbag
5700,EDW 014 Bamboo Underwear Storage Organizer Box Bag Tempat Penyimpanan Celana Dalam Rak Tas 24 grid
5701,Sauna Suit SIKEN Korea / Baju Sauna / Jaket Sauna Siken Original
5702,CUSTOM HOODIE JUMPER UNISEX - NO ONE ASKED
5703,[BEST SELLER] GAMIS HYGET BUSUI
5704,[BPOM] Somethinc C-RIOUSLY 24K Gold Essence
5705,50 rb 1 kg
5706,OSM JKT K502 (UK BESAR) Tas Kosmetik Motif / Tas Multi Fungsi / Bag Travel Make up
5707,MADAME GIE Femme Cheek Xoxo - Blush On
5708,Kikkoman BBQ - jerigen 2.2 kg
5709,SINGAYE Bangku Motif Storage Box Organizer CUC-153 / Kursi Lipat Serbaguna / Foldable Chair CUC-153
5710,Spex Symbol A+ Rewetter 10ml
5711,Emina Masquerade Face Mask
5712,[Ecer] Bintang 10cm / Star Foil 10cm
5713,Tas Wanita Import Jinjing Selempang CHIBAO Mini CB8182 8182 BALLOON BALON Parasut Super Quality
5714,Parfum Pria Di Or sauvage 100 ml
5715,Kabel Lan OUTDOOR FTP CAT5 Kabel UTP 20 Meter Pabrikan High Quality
5716,Realme C11/ C12/ C15/ C1/ C2/ C3/ Realme3/3pro/Realme 5/5i/5pro/Realme 6/6pro/Tempered Glass Ceramic
5717,[Jason Watch] Jam tangan Anak Digital jelly mural Q Q QNQ S1014
5718,TFS SETELAN WINK BABYTERRY/ BAJU TIDUR / PIYAMA / SETELAN WANITA
5719,GROSIR 1 Lusin CD CELANA DALAM WANITA ESSE
5720,( 1KG = 5PCS ) REINN GAMIS BUSUI RESLETING DEPAN BSW MONALISA MAXMARA
5721,Kopi Neo Coffee Caramel Machiato (6+3) sachets x 20g
5722,Goggle Mask Modular Kacamata Masker Helm Motor Retro Bogo JPN Cargloss Paintball Goggles Cross
5723,Hijab potton watersplash lasercut / jilbab anti air
5724,Earphone Samsung Galaxy S6 S6 Edge S7 EG920 S8 / Headset Earphone Original Handsfree Samsung ORI
5725,Mukena Dewasa Lace Syahrini
5726,Arum manis / Termurah / arbanat 1kg
5727,[1KG=50PCS] KAOS KAKI MOTIF BERUANG/LOVE/GARIS KAOS KAKI MURAH BATAM KAOS KAKI IMPORT FASHION WANITA
5728,Stiker Bintang H10 Stiker Dinding Glow in The Dark 100PCS BINTANG B18 Tmall
5729,Paket Theraskin Acne Glow Lengkap isi 4
5730,KONICARE TELON PLUS 125ML
5731,Square grill pan 20cm dan 24cm wajan lipat  teflon panggang
5732,Notebook Desain Planet Kreatif Untuk Kantor
5733,\xf0\x9f\x87\xb2\xf0\x9f\x87\xa8MG\xf0\x9f\x87\xb2\xf0\x9f\x87\xa8 BANDANA BD07 BANDANA KOREA STYLE BANDO RAMBUT IMPOR MURAH
5734,KAOS DISTRO ANAK MURAH / BATMAN KOTAK HITAM / ANAK TERLARIS / ANAK LAKI LAKI / GROSIR KAOS ANAK
5735,1KG MUAT 2PCS TAS 215  SELEMPANG BAG IMPORT BATAM   C8076  T167  E373   P9371  Y4369 U681
5736,Aseptic Gel Hand Sanitizer 500ml refill OneMed
5737,Ikat Rambut Chibi / Kunciran Rambut Chibi Termurah High Quality
5738,(COD) PROMO Anycast HDMI Dongle Wifi Display Original
5739,Celana Korset Munafie / Munafie Original Slimming Pants / Munafie Pants
5740,Zebra Kokoro Sweet Gel Pen Pulpen 0.5mm Black Murah Berkualitas
5741,Fitmee Mie Instant Low Carbo Fit mee Ayam Bawang
5742,Bamboe Bumbu Balado 50g
5743,[11.11 SALE] M Footwear - Sepatu Sneakers Pria Casual Import - SNK7030
5744,Shower Cap Motif Lucu Lucu....................
5745,BASIC DRESS EMILY
5746,BASEUS  KEPALA CHARGER  24W QUICK CHARGER QC3.0
5747,KHUSUS COD!!! MADU GIBRAN UNTUK NUTRISI ANAK  SUDAH BPOM
5748,[100 gram] Kayu Secang Wedang Secang Sappan Wood  ~ Herbal Untuk Imunitas Tubuh
5749,Highlighter Joyko Pastel Color - Highlighter Pastel Joyko
5750,\xe3\x80\x90Bayar di Tempat\xe3\x80\x91INS Fashion Square Besi Frame Kacamata Hitam Wanita Sunglasses
5751,Indoprima 350gr (3 varian)
5752,Cream Macho Original Nutrisi Penyubur Penumbuh Rambut Jenggot Kumis Alis DLL POM
5753,Emina Bright Stuff For Acne Prone Skin Moisturizing Cream 20 ML
5754,CREAM HN 15 GRAM ORIGINAL DAN TERPERCAYA
5755,ANQI 1988 Impulse Sealer /Mmesin Pres Plastik Alat Perekat Plastik Murah / XIF 20cm-30cm
5756,VIVAN Kabel Data iPhone Kabel Fast Charging Gaming Siku 2.4A - 1M - Garansi 1 Tahun - BWL100
5757,Selamat Wafer Coklat 340gr // PROMO
5758,Kartu UNO Card Mainan Ramai Seru
5759,April Skin Magic Snow Cushion ORIGI Seserahan Parsel Hadiah Paket  make up wajah original K9P8
5760,\xf0\x9f\x87\xb2\xf0\x9f\x87\xa8MG\xf0\x9f\x87\xb2\xf0\x9f\x87\xa8 Lompat Tali AC52 Skipping Jump Rope Lompat Tali Skipping Senam Olahraga Pegangan Spons
5761,ChinaTown - Rak Sudut Tempel Serbaguna Kamar Mandi Toilet Corner Rack Storage
5762,Giv BodyWash Tin & Zaitun 450 ml
5763,SANDAL KULIT JOEMEN S 08 ORIGINAL PRIA SANDAL JEPIT IMPORT
5764,Kuas Masker Wajah Silikon
5765,\xe2\x9a\xab\xef\xb8\x8f Alat cukur Pencukur Alis / Pisau Alis Tinkle
5766,Kuy Kit Pods Pod Terbaru By Movi Vape Authentic Free Lanyard
5767,Lip Tint Sasimi Aloe Vera 99% Lusinan
5768,sepatu anak laki laki  usia 1 2 tahun kanvas catur
5769,FERRIZ DROPS SUPLEMEN MAKANAN ISI 15 ml
5770,LANGSUNG DI KIRIM MASKER KAIN BAHAN KATUN LEMBUT POLOS WARNA-WARNI
5771,SAPU - SAPU LANTAI NILLON SAPU NILON KHARISMA
5772,One step hair dryer and styler hot air brush sisir pengering rambut 3in1
5773,Sepatu kets denim 110
5774,Makeover Powerstay Ultra Glow Highlighter
5775,Better Beater Hand Mixer Otomatis Manual 1 Set isi 2Pcs
5776,TAS IMPORT TAS FASHION TAS BATAM MURAH TAS WANITA ( PROMO )
5777,POTENSIO POMPA DC PENGATUR KECEPATAN POMPA DC ON OFF SPRAYER
5778,SOUVENIR GELAS PLASTIK PLUS TUTUP WARNA WARNI TUMBLER PLASTIK COLOURFULL
5779,Babypink Skincare Facial Wash AMAN 100% RESMI BPOM
5780,Dettol Sabun Mandi Cair Aloe Vera & Avocado 410 gr Refill
5781,"Isolasi Selotip Lakban Coklat Lakban Nachi Asli Ori 2"" 48 mm 100 yard"
5782,5 Inch 220V Amplifier Stereo Digital HiFi Bass Power dengan Bluetooth+Port USB/TF+Remote Control
5783,JBL GO Wireless Bluetooth Portable Speaker With Speakerphone (Garansi Resmi 1 Tahun)
5784,Standing Balon 7in1 tiang balon dekorasi [BEST SELLER]
5785,BOTOL SPRAY KOSONG 100ML TRAVELLING BAHAN PLASTIK BERKUALITAS
5786,dompet wanita import mini F6 real pict C5
5787,Modul Led 8TR 10 Kombinasi (Auto & Manual)
5788,LUMP SUGAR 400 G ( GULA BATU )
5789,\xf0\x9f\x86\x95 JAKARTA \xf0\x9f\x86\x95 C 4010 / E 7114 DOMPET PRIA LIPAT FASHION MODIS JAKARTA IMPORT
5790,Flashdisk Toshiba Hayabusa 16GB GARANSI RESMI
5791,"b""Sprei Queen Kintakun 3D Santika Deluxe / D'luxe Inggrid"""
5792,[semuajual]MAINAN BALOK SUSUN 505pcs dan 305pcs LENGKAP MEJA BELAJAR
5793,[Mizan Yogyakarta] The Montessori Toddler
5794,Rak Panci Bawah Wastafel Kitchen Rack tarik 2 Tingkat Bumbu Sepatu Buku family special kitchen rack
5795,88 STRATEGI BISNIS ALA RASULULLAH YANG TAK PERNAH RUGI
5796,IKAT PINGGANG | TACTICAL MILITARY | ANTI METAL DETECTOR | CODE : FGM
5797,MADAME GIE COLOR POP LIP BALM
5798,(1KG =165PCS) 2 warna Ciput bandana rajut BestSeller
5799,Stretch Slim Jeans (5 Colours)
5800,Masker polar murah
5801,EMOJI  BESAR SMILE Stand UNIVERSAL Karakter Pajangan Hiasan Lucu GRAB GOJEK Desktop SPRING DOLL
5802,Omiland OWB1142 B+G Bantal Guling set Peang seri PANDA
5803,GYSTA SERIES
5804,KIMMY SHORT PANTS / CELANA PENDEK ANAK MURAH
5805,BEBELOVE 2 1800GR
5806,SS COLLECTION - Totebag Beruang Totebag Wanita
5807,Enfagrow A+ 4 Vanila 1800 gr - Susu Formula Pertumbuhan Anak
5808,Silkoro Serum Vitamin Rambut 80ml (KECIL)
5809,Marbella dress muslim
5810,Speed Squeeze Ratcheting Clamp Penjepit Kayu - T22106 - Black
5811,Wardah Acnederm Pore Blackhead Balm 20gr
5812,Payung Lipat Magic Motif 3D - Magic Umbrella - Timbul Motif Saat Basah
5813,Sudocrem Baby Care Cream 125 gr
5814,Baju Tidur Wanita Lingerie Seksi Tally 010
5815,GLAMGLOW SUPERMUD FLASHMUD YOUTHMUD TUBE
5816,JOGER CARGO PANTS CARGO PANTS
5817,Tiento Hand Sleeve Thumbhole Lubang Jari Arm Sleeve Manset Tangan Baselayer Lengan Original
5818,Felibite 500Gr / Makanan Kucing Kering Freshpack 500Gram
5819,Baselayer Longsleeve Thumbhole Lengan Panjang Jari Underarmor Renang Diving Hiking Latihan Fitness
5820,HBL GREENTEA - HB DOSTING GREENTEA Original
5821,"Jilbab Voal Motif Premium Masker Instan , Hijab Masker Premium Instan , Harga Grosir Termurah !!!"
5822,Dress vanessha
5823,\xe3\x80\x90GOGOMART\xe3\x80\x91Pops-A-Dent Repair Removal Automotive Car Tools Kit / Alat Ketok Magic / Pop a dent
5824,Timbangan gantung jarum 10kg plat / Timbangan Gantung Manual 10kg 10 kg
5825,1KG BISA 4PCS | BELLA BOHEMIAN HOMEY DRESS / HOMEDRESS ETNIK / DRESS RAYON
5826,[Hb281] Rak sudut kamar mandi segitiga 3susun
5827,Samsung Galaxy A51 J5 J7 Prime New Jelly Diamond Dazzle Acrylic Cover
5828,Makanan Kucing Equilibrio Adult 7.5Kg / Cat Food Equilibrio Adult 7.5Kg / Equilibrio Adult 7.5Kg
5829,buku tulis sidu 38 lembar isi 10 buku
5830,[ORI] Masker Naturgo Hanasui
5831,RICISE - Lampu Tumblr 50 Led 8 Meter Lampu Hias Dekorasi Lampu Natal Led Tumblr Light Ricelamp
5832,Citra hand body lotion bubuk mutiara 230ml
5833,Celana Pendek Tactical
5834,"Tripod 1M + Holder U Universal / Buat Camdig, Handycam , Dslr"
5835,Sepatu sneakers wanita fashion M
5836,MUKENA BALI KATUN TERBARU MURAH / MUKENA ADEM / GROSIR MUKENA BIG SIZE JUMBO TERMURAH
5837,New!! Tas Kitty Mika BUBYS Of London
5838,Komstir Bambu CB150R / New Megapro / Verza / CBR 150 All Varian / Sonic 150
5839,TALLY Kait Bra Extension Sambungan Bh
5840,Merries Premium Tape - NB24 NB 24 / S24 S 24
5841,Parfum garuda LAVINA 60ML segel original
5842,[ COD ] KURMA TUNISIA NON TANGKAI / TUNIS MADU / KURMA ENAK MURAH / OLEH OLEH HAJI DAN UMROH
5843,Mainan Keluarga Monopoly 5 in 1 Monopoli Halma Ular Tangga Ludo Catur
5844,Bra BH Menyusui Maternity C639
5845,Alkaline Baterai Kancing SNI LR44 AG13 357A CX44 Battery SNI
5846,Bolpoin hitec pilot 0.3 satuan warna warni hi tech
5847,[620gr] D45 Ez Jet water cannon original
5848,MASKER KAIN 3 LAPIS LUBANG FILTER EARLOOP / HEADLOOP HIJAB KATUN ADEM
5849,Tutup Knalpot Motor Vario 125 - Vario 125/150 LED Plastik Pelindung Knalpot Plastik SKU-0860
5850,Jam Tangan Wanita Casio General MQ-76-2ALDF Ladies Blue Dial Black Resin Strap
5851,Lakme Classic Liquid Matte Lip Cream
5852,Alat cukur rambut Kumis Dll Nova NS - 216 Hair Anda Beard Trimmer
5853,COSRX Aloe Vera Oil-Free Moisture Cream 100 gr
5854,"BARANG TERLARIS !!! G-Shock Casio dw5600 GLS5600 full Black Hitam ,Jam tangan digital pria"
5855,[ READY 6 WARNA ] GROSIR TAS BATAM FASHION SERUT MINISO TERMURAH - BM
5856,Jam Tangan S sport 1790
5857,[Bayar Di Tempat]3Pcs / Set Bandana Model Ikatan Pita dengan Bahan Kain Elastis dan Motif Floral
5858,Gas Hi Cook
5859,Holika Holika Magic Tool Mist Spray Bottle (60ml)
5860,Pepsodent Expert Protection Pasta Gigi Gentle White 160 gr
5861,ILOOK VISION CARE 60 ML (KEMENKES) (8997225160010) / CAIRAN SOFTLENS
5862,Sabun Cair Lux Kemasan refill 450ml
5863,Dinda Tunik ATASAN TUNIK TERLARIS R.A
5864,Saniter Fabric Disinfect Bottle 200+30 ml
5865,IRENE OVERALL MOSCREPE PREMIUM
5866,DRESS ANAK FROZEN SCUBA / BAJU FROZEN SCUBA
5867,Tutup Pentil Ban Roda Lampu Led Motor Mobil Sensor Gerak Sepeda Light
5868,Promo Spesial - VSOY MULTIGRAIN Susu Soy Kedelai 1 ltr v-soy
5869,PROMO ALAT PEMERAS JERUK
5870,LAMPU LED PHILIPS 3 WATT - 13 WATT ESSENTIAL BULB MYCARE 3W 4W 5W 6W 7W 8W 9W 10W 12W 13W BERGARANSI
5871,SLIM BLACK MATTE SOFTCASE SLIM MATTE/ CASE HITAM BLACKMATTE FOR ALL TYPE SOFT CASE CASING
5872,Wrist Tape / Finger Tape 5cm x 4.5m
5873,AOKI Antena 2 tv digital luar dalam indoor outdoor AT3000
5874,50 x 40 Cm Alas Adonan Silikon - Alas Mengiling Adonan Silikon
5875,Cream day - night green tea ex larissa
5876,Axe Hair Styling High Hold Matte Wax 75 gr
5877,Kain Renda Busur Tv Remote Control Lengan AC
5878,Ottogi Japchae Dangmyun Dangmyeon Korean Vermicelli 500 Gram
5879,Emina Smoochies Lipbalm 3.7 g
5880,Celana Dalam Brief Wanita Model Seamless Dengan Bahan Sutra Hiasan Renda Dan Mutiara Bergaya Sexy
5881,[ ORIGINAL NAZILLA ] Jilbab Khimar Aisyah M Ori Nazilla
5882,GESTA TUNIK ABSTRAK BAHAN WOLFISS
5883,BABYMAURI - Baby Bodysuit 5pcs motif Fix It
5884,Sticky Note / Penanda / Pembatas Joyko IM-32 / Kertas
5885,Madu Hutan PLATINUM Athoifah / Madu Hutan Riau isi 1kg
5886,ENSURE RASA VANILA dan COKLAT 900GRAM KEMASAN BARU
5887,SPREI KINTAKUN CALVIN QUEEN 160 No.2 SEPRAI VINTAGE KEMBANG SEPATU MOTIF DAUN SEMANGGI
5888,Hook Tempel Ajaib Tempelan Dinding Super Kuat
5889,TAMBAHAN Bubble Wrap
5890,READ !! NEWW !! ORY SHR MAXI jEANS KIDS  PREMIUM READY  SIZE 14 dan 16
5891,TALLY Cd 008 Celana Dalam Seamless Tanpa Jahitan Anti Nyeplak
5892,chiieskin extrawhitening bpom
5893,Jemuran Baju Berdiri Gantungan Pakaian Lipat Besi Model Menara Serbaguna Portable Gantung K8G1
5894,MUKENA BALI KATUN RAYON JUMBO DEWASA MUKENA DEWASA TRAVELING
5895,Kabel AUX AUDIO Jack 1in1 untuk Handphone / komputer ke speaker
5896,MILO ENERGY CUBE 100
5897,Korek Kuping Stainless Steel Anti Karat (5 set)
5898,Kaos Distro Anak Thirteen keren
5899,Ikyusan Organic Baby Air Disinfectant 300ml
5900,Real Bubee Pompa ASI Manual Breastpump
5901,[CLM] Pisau Cukur Alis Elektrik
5902,PAKAIAN DASTER POLOS KANCING DEPAN PAYUNG ALL XL SIZE JUMBO BAJU TIDUR TERMURAH HARGA GROSIR
5903,Yummy Bites Bebe Roll
5904,Tenda anak 100x100cm
5905,Wardah Everyday Luminous Liquid Foundation 02 Light Beige 40 ml
5906,Indomie Goreng Spesial [5 pcs]
5907,[FREE KUAS] Face & Body Scrub Beautetox minisize
5908,Trunk Style Oppo A5s A37 A3s A12 A7 F11 A37 F5 F7 F9 F9pro A57 Candy Color Soft TPU Cover
5909,DIRA DRESS/GAMIS POLOS
5910,BRA BH RAINBOW 11149 TANPA KAWAT SOREX OBRAL
5911,Tongsis 3 in 1 / Tripod / Tomsis Bluetooth Shutter / Selfie Stik
5912,PROMO MENJELANG 11.11 HOPYLOVY - Ikat Pinggang Wanita Ring Belt / KODE BEST BUY RINGBELT
5913,137 Degrees Pistachio Milk with Double Chocolate 180 ml
5914,Masker Kain Polos Isi 1 Lusin (12 Pcs)
5915,MESIN BOR MINI CORDLESS DRILL 3.6V ORANGE BONUS MATA BOR OBENG SET DIY
5916,ROK PLISKET PREMIUM / BELIA ROK PLISKET ELMIERA
5917,Koko Anak Premium Lengan Pendek Al Jami  2-15 tahun / Setelan Koko Anak
5918,Kacamata Lensa Photocromic Anti Blueray Radiasi Untuk Wanita Pria Retro Besi Kotak Frame Kacamata Komputer Anti Silau Anti Sinar Matahari UV400 Kacamata Hitam Potocromic Fotocromik
5919,Bihun Jagung Bihun Cap Tanam Jagung Pck 320g
5920,GAMIS POKITA MAXY MOSCREPE
5921,Palu Kambing 025 Lokal Gagang Kayu Murah
5922,Fashion Glitter Diamond Case Xiaomi Redmi 5 5 Plus Redmi 6 6 Pro 4X S2
5923,Kotak Makan Anti Tumpah Lock 4-7222 / Kotak Makanan Greenleaf
5924,Samsung A30s Ram 4GB/64GB Resmi 4 64
5925,Mainan Bayi Tongkat Rattle + Teether+ Musik + Lampu Kelap Kelip.
5926,SEPATU SNEAKERS DB RDI02
5927,"b""Ns FC Najibah Gamis Syar'i asdf Putih Benhur Abu Toska Navy Maroon Hujan Muslim Modis Modern White"""
5928,Over Steker/Adaptor Colokan sambungan Listrik Gepeng ke Bulat
5929,MASKER SCUBA HIJAB POLOS/ MASKER HIJAB BISA DI CUCU
5930,MASK2004S ChubbyToodler Masker Scuba Tebal Tidak Tembus Udara Chubby Toodler
5931,Kurma Sukari NR Premium 1Kg
5932,Big Sale Terbagus Gamis Anak Tanggung Mamanda Saleha Series Lebaran All White Size Umur 14-18 Th
5933,Tas Dompet doa terlaris/terbaik/terpopuler /terbaru
5934,SS COLLECTION - Set Travel Sumpit/Sendok + Bo Wheat Straw Garpu Sumpit Set Travel
5935,Gamis motif polkadot
5936,Selang gas paket Quantum QRL 032 + regulator meter SNI
5937,SHAKE MINT HERBA LIFE HERBAL LIFE
5938,Desk Set / Pen Holder / Tempat Alat Tulis Jaring Jala Joyko DS-17
5939,100% ORIGINAL SKECHERS TWINKLE TOES KIDS
5940,[PAKET HEMAT] DAVIENA WHITEGLOW SERIES
5941,NICOLE SEPATU SLIP ON KELSEY JK03
5942,Sepatu MIZUNO
5943,"b""JILBAB SYAR'I INSTAN JUMBO HIJAB JUMBO KERUDUNG MURAH PET ANTEM  HAMIDAH ORI WOLFIS XL"""
5944,Welding Faceshield Langsung Pakai Pelindung Wajah Welding Face Shield Helm Kesehatan Face Protector
5945,Mainan Anak Perempuan Tongkat Peri Magic Wand Fairy Stick Lampu Suara
5946,GARNIER Men Facial Foam Turbolight Oil Control Matcha Gel 100ml
5947,ORIGINAL Garnier Micellar Cleansing Water Pink 50ml Mini
5948,Sara Lace Dress
5949,Hand Mini Mixer Pengocok Telur Elektrik Serbaguna
5950,Pencil Lead / Isi Pensil Mekanik Joyko PL-05 / 2B / 0.5 mm
5951,Masker Al Fatih by Rbc Dokter Ressti BPOM ORI 1000 persen n termurah
5952,Kemiri Bulat per 1/2 kg
5953,Jilbab instan ainun niqob ORI ZAIN
5954,VITMEN minuman serbuk HERBAL CARE SURABAYA
5955,Taplak kulkas waterproof dengan kantong storage pouch
5956,SALE KERANJANG BAJU KOTOR/MAINAN ANAK
5957,KOMPOR RINNAI 2 TUNGKU RI522E RI 522 E STAINLESS
5958,Safi White Expert Cleanser 2in1 Cleanser & Toner 150ml
5959,Pulpen Joyko BP-248 Suma / Pulpen Joyko Suma BP-248
5960,"b""SWEETY BRONZE / PASEO Baby Wipes Tissue Basah Gazette tisu 50's"""
5961,Cat Semprot Diton 300cc
5962,Sarung Tangan Bayi Little Palmerhaus Mittens Booties
5963,Dehealth Supplies Organic Extra Virgin Coconut Oil 250ml
5964,Asahan Pisau SURMENE Stainless - Knife Grinder Sharpener
5965,SEPATU SLIP ON PRIA
5966,JEPIT LIDIK/ JEPIT RAMBUT
5967,OREO Roll 133gr ed Juli 2021!! Halal!!
5968,[COD] Masker Kain Penutup Pelindung Hidung Mulut Warna Motif Polos Bahan Halus Busa
5969,DOMPET KOSMETIK WATERPROOF
5970,O.TWO.O Foundation / Concealer / Foundation Memutihkan + Melembabkan Waterproof
5971,GLUTA PANCEA WINK WHITE HOLOGRAM TERBARU
5972,Alas Rolling dengan Bahan Anti-Lengket untuk Adonan Kue / Fondant
5973,3M VHB Double Tape Automotive 4900 tebal 1.1 mm size 24mm x 4.5m - 1 Pcs - Merah
5974,LULU SYARI KIDS BRUKAT +KHIMAR SF
5975,Lion Star Bistro Botol Saus / Sauce Keeper 425 ml (TS-50)
5976,ETUDE HOUSE MY BEAUTY TOOLS LOVEY ETTI HAIR BAND
5977,Kacamata Anti virus / Kacamata Safety Glass / Kacamata Pelindung / goggles APD / Kaca mata
5978,Celana Jeans BRG Pensil Skinny Pria Biru Dongker 27 - 38
5979,Parfum Mobil Baccarat / Pewangi Mobil Baccarat
5980,Lem wallpaper dinding Greatwall Great wall murah / Wallpaper Adhesive
5981,"b""SHOPEE !  ED MEI '21, susu ultra 1000ml @12pcs (GoSend DKI Jakarta)"""
5982,Avail Day Use Biru Menstrual Pad Pembalut Wanita Herbal Menspad untuk siang hari
5983,Water Spray Gun / Semprotan Taman / Semprotan Cuci Mobil Motor
5984,LINPINK Jam Tangan Wanita dan pria QnQ / Jam Tangan Murah / Jam Tangan QnQ
5985,Travel Bag Dewasa / Koper Besar Kanvas Selempang Multifungsi
5986,MARKS & SPENCER - Harvard Body Spray 150Ml
5987,bebelac 3 vanila 1000gr
5988,ROYCE WAIST BAG 2 MATA TAS SELEMPANG PINGGANG
5989,Tissue Wajah Multi / Multi Facial Tissue 700gr
5990,Original Prima protect hand sanitizer 500 ml/ Antis / Anti corona
5991,Soes GG 2kg
5992,O.TWO.O Krim Concealer Cair 4 Warna
5993,Hai Di Lao Hotpot Seasoning/ Bumbu Hotpot Haidilao/ Shabu Shabu
5994,Speaker Bluetooth J006B / Speaker Bluetooth Portable Mini J006B
5995,"SALEP SRITI ORIGINAL ~ OBAT SALEP GATAL,PANU,KUDIS,KURAP"
5996,Monde Boromon Cookies 1 tahun+ 120gr
5997,GROWNLASH Serum 2IN1 for Eyelash and Eyebrow / Memanjangkan dan Melebatkan Bulu Mata
5998,Mask 3in1 OMG Slayer balaclava
5999,PHILIPS LAMPU LED BULB MULTIPACK MYCARE 6W 6 WATT PUTIH PENGGANTI 6.5W BUNDLING PAKET 3 GRATIS 1
6000,TokoMinah So Klin Softergent Ungu 770gr
6001,Bakso SB warisan isi 50
6002,Sabut Hijau Alat Masak Scoth-Brite
6003,Wardah White Secret Pure Brightening Cleanser
6004,52 Persoalan Sekitar Hukum Haid - Dalam Shalat Puasa Haji & Umarah - Darul Haq - Karmedia
6005,Garnier Light Complete Booster Serum 30ml (Kuning)
6006,MyVla Vanila
6007,Faber castell Pensil 9000 series  Pensil Ujian Pensil Sekolah Pencil alat tulis ATK Murah stationery
6008,A034 Lunch Cooler Bag Tas bekal dgn lapisan penahan panas dingin
6009,Garnier Hair Color Naturals 3.16 Merah Burgundy (Kemasan Sachet) Pewarna Rambut
6010,Ready!! Masker Bestmed 50pc Earloop / Headloop Hijab Surgical Mask Best Med
6011,Make Over Color Stick Matte Crayon
6012,Set Patung Doa Lingkungan - Maria Yesus 15cm Salib Duduk Kuningan 15cm
6013,B1127 Pelindung Lutut Sikut Anak Bayi Merangkak Anti Slip Knee Pads Protektor Protector Lucu Murah
6014,Stiker Kompor 2 Tungku FLAMINGO
6015,NATURE REPUBLIC Real Nature Mask Sheet New Pack 100% Original
6016,"Premium URBAN Cover Motor / Sarung Motor / Penutup Motor Bebek, Matic MIO, VARIO, Scoopy, Supra X"
6017,"Sarung tangan lengan tatto motif tato acak handsock tatto, Harga untuk sepasang"
6018,Huggies Gold Pants M26
6019,(1Kg=10pcs) JILBAB ADIBA instan serut jokowi polos/simpel pet /Khimar pet tali polos/Jersey polos
6020,[S.G] ALANA MAXI size S M L XL. gamis SIZE CASSUAL..
6021,NACIFIC [KIT ISI 4] Phyto Niacin Whitening
6022,Boxer Basket pria XXXL Celana pendek laki Short pants BIG size
6023,KAMIYASTUFF Adelia Bucket Premium Bag
6024,KAMU GAK SENDIRI - SYAHID MUHAMMAD
6025,MINYAK OLES WAYANG / OBAT JERAWAT BPOM - WAYANG - MINYAK WAYANG
6026,Jam Tangan Pria Casio General MQ-71-4BDF Jam Tangan Pria Original & Garansi 1 Tahun
6027,CIPUT RAJUT / BANDANA RAJUT.
6028,baju tidur daster jumbo kalong / lowo / kelelawar karakter IKHLAS.SETIA
6029,Brilliant Couple Original Solo Hijab / Sohib Kemeja + Gamis Syari Longdress Maxi Toyobo Polos
6030,IPI Vitamin C Isi 45 Tablet Rasa Jeruk
6031,Paket Wajah Cream HN Original By Hetty Nugrahati 15 gram dan 30 gram ORI 100%
6032,X3 Gamepad Joystick Bluetooth Plus Holder HP - X3 Wireless Controller
6033,REFILL  MADAME GIE TOTAL COVER BB TWO WAY CAKE - BEDAK PADAT
6034,Best Seller !!! Tempat Botol Air Minum di Motor - Sepeda
6035,DPT01 Dompet Kartu Kulit 24 Kartu Slot Card Holder Kulit Import
6036,Rak Sepatu Alas 5 Tingkat
6037,RSB Kotak Jam Persegi Box Watch Kotak Arloji Kotak Gelang Kotak Perhiasan Kotak Hadiah Sourvenir
6038,"baso aci tulang rangu BACITUL sehot jawara pedas, termurah dan bikin nagih"
6039,MENTEGA Hollman 100gr Repack
6040,Fuze vivo y91 y17 y12 y15 y93 y95 y81 y83 y71 y53 v5 v7 y30 y50 v17 y11 s1 pro y69 y20 y12i BC
6041,Menno clutch import bahan tebal uk 29x19cm
6042,PALING MURAH !! GOOGLE NEST MINI 2ND Generation (HOME MINI 2ND GEN)
6043,3Pcs Setelan Libby WANDERLUST Panjang - Uk SML.2L.XL.XXL - Kancing Bahu .
6044,MARS - JUMSUIT JOLA | JUMSUIT JUM JUM
6045,ARORA AR415 F2074 T575 TAS IMPORT FASHION SELEMPANG WANITA
6046,Dove Shampoo Nourishing Secrets Thickening Ritual 160ml
6047,Ovomaltine Crunchy Cream 240gr
6048,"KACAMATA AUTO FOKUS KACAMATA PLUS 1-2,5 GLORIA MODEL KOTAK DAN OVAL"
6049,FA40 FOCALLURE 18 Colors Shimmer Matte Glitter makeup Eyeshadow Palette With mirror
6050,Vella Basic Pants
6051,"b""Jack N' Jill Toothpaste"""
6052,[GRAND MEDIA] MAP KANCING BIG TRANSPARAN F4 8111
6053,Miniso Official Marvel - Clutch Bag Tas Kecil / Cuci tas / Tas kosmetik
6054,[LAKU BANGET] FOR IPHONE 11 XS XR X 6 7 8 Pro Max - SPACE HYBRID CASE - LENS COVER CAMERA PROTECTION
6055,PROMO 10.10 SEPATU SNAKERS HARIAN Sepatu adidas alphabounce
6056,( Bisa COD) Kaos oblong Polos  Basic MCVOIS  Premium combed 24s
6057,Kopi NESCAFE Classic sachet 2gr
6058,usb toshiba 2gb oc  / 4gb / 8gb / 16gb / 32gb / 64gb
6059,"BEST SELLER ! SIAP KIRIM !  MOMMYCLOPEDIA 78 RESEP MPASI // DR. META HANINDITA, SP.A + SLABBER BAYI"
6060,Ikat Pinggang Impor KEREN Pria Korea Fashion Belt Ban Gasper Gesper Sabuk Cowo Kulit Men Belt
6061,Spex Symbol X2 Bio Color All Color
6062,Baterai Battery Batre Sony Xperia Z3 / D6603 / D6653 ORIGINAL
6063,Parutan multifungsi 8 in 1 / kitchen treasure multifunctional vegetable cutters
6064,Mustika Ratu Minyak Cem Ceman 175ml
6065,"Saddle Jok Sepeda Lipat, MTB, Double PER Sadel Jok Super EMPUK merk Pacific UNIVERSAL"
6066,\xe2\x9d\xa4 RATU \xe2\x9d\xa4 TEH DAUN JATI CINA/TEH JATI CINA HIKMAH HERBAL/TEH PELUNTUR LEMAK/TPL SASHET (\xe2\x9c\x94\xef\xb8\x8fBPOM) (A17)
6067,Soklin Pewangi
6068,Setrika Wajah Ion Elektrik Face Massager Pemijat Alat Pemijat Pengencang Kulit Wajah
6069,Headset Samsung S8 design by AKG (Superbass)
6070,HLP HL WARNA POLOS clip on 55cm hair clip warna highlight rambut palsu klip
6071,Celana panjang Chino Anak 2-10 tahun
6072,Garam Himalaya Pink Salt 1 Kg Original
6073,[READY] Gluta Collagen Soap  BEAUTETOX (ori 100%)
6074,Viva Fin Touch Blush On
6075,BOS990 Face Shield Kacamata
6076,TEMPERED GLASS ANTI BLUELIGHT ANTI RADIASI 10D FULL COVER A31/A51/A71 Dan ALL TYPE
6077,(*Bisa 2-3 hari Sampai) RETRO GAME Console Q3 400 in 1 Gamebot Konsol Games GAMEBOY (QC terjamin)
6078,BIOAQUA BB EXQUISTE CUSHION BONUS REFILL
6079,Importir.Fashion Sepatu Sneakers Korea Wanita Fashion Import SYRA FREE KOTAK & KAOSKAKI - SHG013
6080,TENDA AC6 HIGH SPEED REPEATER WIFI AC1200 MU-MIMO SMART DUAL-BAND ROUTER
6081,Baju baseball NY hitam list putih
6082,Sikat Gigi Ciptadent
6083,"b""Korea Girl's Headband/ Bandana Aksesoris Lucu"""
6084,ORIGINAL Kalkulator Casio MJ-120D Plus 12 Digit Calculator Garansi 1 TAHUN RESMI
6085,BAJU / KAOS ORANG TUA SEPANJANG MASA
6086,"BUKU TEMATIK KELAS 2 TEMA 8 ""KESELAMATAN DIRUMAH DAN PERJALANAN"" KURIKULUM 2013 EDISI REVISI 2017"
6087,Thinwall Bulat Tebal 200ml pack isi 25pcs Cup Puding Mangkok Plastik 200 ml Tutup Murah
6088,Sades Wings 10 Gaming Earphone SA-609 Headset with Mic
6089,KLEVERU Ceramide Glow Hydrate Facial Oil
6090,Lens Case Motif Character Line
6091,ALOE VERA / ALOEVERA SOOTHING GEL 220g BIOAQUA ( Berat 266 grm )
6092,Boneka hello kitty jumbo 1m ukir nama + cetak foto
6093,ONLINEGROSIRBATAM | PERLENGKAPAN RUMAH - NEW COOLERBAG !!! TAS TEMPAT BEKAL PRAKTIS MOTIF CUTE BARU
6094,"b""Dr Brown's - Baby Wipes 25s x 1pack"""
6095,BLOK TAS - MAINAN EDUKASI MAINAN BONGKAR PASANG BLOK
6096,Hilo Gold Nutrifit Vanilla & Original 500 g
6097,(SUPER BIG EYES) SOFTLENS LIVING COLOR MISTIQUE KEMENSKES 16MM (MATA NORMAL) Free Lenscase
6098,Esenses 2 in 1 Perfecting Brow Set Eyebrow
6099,READY STOCK !!! SELAI NANAS ROYAL 500 GRAM ( ASLI EXP 2022 )
6100,Eva Shockproof Case Pouch Bag For External HDD 2.5 inch or PB
6101,Tas Totebag Camera
6102,Catok nova mini 2in1 2 in 1 curly straight lurus keriting merk merek tipy nhc - 2009 rambut nhc-2009
6103,JILBAB ANAK ELMO  / JILBAB ANAK BAYI / HIJAB ANAK / JILBAB ANAK ANAK  / JILBAB ANAK / JILBAB BAYI
6104,Sweater Hoodie Anak Perempuan bahan fleece 2-9 Tahun / Pink Sky & We In The Sunset
6105,Wardah Exclusive Matte Lipstick 05 Peach 3.5 g
6106,10.10 BRAND FESTIVAL JFR Tas Slempang Sling Bag Bahan Polyester JT08
6107,PERFECT HONEYMOON by DESSTINA INDRIA
6108,HELM KYT X ROCKET #3 BLACK BLUE FULL FACE XROCKET
6109,[60g] SOMEBYMI YUJA NIACIN 30 DAYS MIRACLE BRIGHTENING SLEEPING MASK
6110,DUA BELIBIS value saus cabe 1kg
6111,FREE ONGKIR- Bio Hair 123 Biohair 123 Tonik Perawatan Rambut Ramuan Tradisional - 210 ml
6112,Madame Gie Nail Shell Peel Off Calm Series 07 / N-Shell / Nail Polish / Cat Kuku / Kutex
6113,CAREX / CAREX HAND WASH / SABUN CUCI TANGAN CAREX
6114,Kabel iPhone 5 6 7 8 X Data Cable Lightning iOs Kabel Charger iPad Mini iPad Air iPad Pro iPod MURAH
6115,ENSURE VANILA 900gr
6116,Kasur Bayi
6117,Bamboo Storage Box Bag Organizer Tempat Penyimpanan Baju Jumbo
6118,Pigeon Dot Slim Neck Size L Isi 2 Pcs
6119,Alat Cukur Bulu / Rambut Elektrik untuk Wanita
6120,\xe3\x80\x90BISA COD\xe3\x80\x91 Kanebo Yaris Chamois / Kain Lap Serat Sintetis Yaris Chamois / Kanebo Yaris Chamois Murah
6121,SHUTTLECOCK / KOK BADMINTON MEIDY
6122,Yasmin set browni purple
6123,ISTANATOYS.COM Xylophone Mainan
6124,"b""NEXT - MIZZU HIDE'EM CONTOUR AND CONCEALER"""
6125,Koko Anak Full Set Motif Uli Salur Biasa Size S M L
6126,Fuze matte case VIVO S1/S1 PRO/Z1 PRO/V15/V15 PRO/V17 PRO/V19 soft case bumper multi colour
6127,"Cartridge Filter Air / Sediment 10"" - Nano Filter 05 Micron"
6128,PAI Kelas 3 SD - Kurikulum 2013 - Revisi 2018 Terbaru
6129,MIAO Pelindung Kabel - Cord Protector 2 warna
6130,CIPUT TOPI MARSHA HARGA GROSIR NON CEPOL TEGAK GROSIR PAD ANTEM INNER HIJAB JILBAB DAN KERUDUNG
6131,[BS] BISA COD KPOP BTS BT21 Gelang Bracelet Jungkook Cooky
6132,Rak Piring Stainless Steel Susun 2 PX07 rak dapur serbaguna gelas sendok multifungsi termurah
6133,RABBIT EAR CUP FOR KIDS
6134,[LOKAL] DOMMO - D1243 DOMPET KIMI - Dompet Lipat Wanita
6135,BOGO GARIS KACA INJAK  KACA DATAR free packing BOX+BUBBLE
6136,Makeup Brush Brush Egg Pad / Pembersih Kuas Makeup / Brush Cleaner
6137,Kerudung Anak LED GERIGI / HIJAB usia 3-7 th ( Bisa Nyala)
6138,[Shiyan] dot empeng bayi dengan gantungan klip / box baby pancifier bahan dijamin aman
6139,Berat 1 kg!! RAK AMAZING/RAK JILBAB/RAK SEPATU TANPA COVER/ AMAZING SHOE RACK
6140,Kurta Pakistan Jubbas Original Four one
6141,Novel Seperti Hujan Yang Jatuh Ke Bumi (Boy Candra)
6142,Miyako Stand Mixer SM-625 Standing Mixer SM 625
6143,\xe2\x9d\xa4\xef\xb8\x8fGTB\xe2\x9d\xa4\xef\xb8\x8f B018 Sport Bra Wanita Tanpa Kawat Gym Fitness Senam Yoga Sexy Pakaian Dalam Murah
6144,ZR-221
6145,KARTU UNO / UNO CARD / UNO / KARTU UNO MURAH / MAINAN KARTU / UNO CARDS / KARTU MAINAN
6146,SETRIKA WAJAH / ION MASSAGER TERMURAH !! [129]
6147,Sneakers Wanita RI 09
6148,CLB / GB GLOW EMBOS KEMASAN BARU ORIGINAL
6149,Keripik kaca 50gr.
6150,Kacamata Hitam Tanpa Bingkai Aneka Warna Transparan untuk Pasangan/Pria/Wanita
6151,Yummy Bites Organic Noodle Mie MPASI Bayi Organik 200 gram
6152,NJ - Pajera Maxi | Dress Gamis Mutiara | Baju Muslim Modern
6153,FygaleryMedan - Bando rambut ala Korea Bandana Rajut Aksesoris Wanita Karet Bando Import
6154,JBL T110BT Wireless In-Ear Headphones with Three-Button Remote and Microphone - Garansi Resmi
6155,[ PROMO FLASH SALE ] DB KENZI TUNIK AMARYLLIS JUMBO BABYTERRY IMPORT TEBAL / LEXOIR
6156,PVN Sepatu Sneakers Wanita Sport Shoes 694
6157,Benton Fermentation Eye Cream 30ml
6158,SUPER SHOWER HEALTHY
6159,Uang replika bahan mahar/uang mainan
6160,Susu diamond milk 1l 1 liter 1000ml rasa full cream coklat rendah lemak low fat 1liter
6161,Pompa ASI Breast Pump Feeding Bottle Pam Susu Electric USB Milk Pumps Kit Susu +Milk Bottles
6162,SOFTLENS GEL UNIVERSAL 15MM
6163,"Tanam Organik 1kg/media tanam tanah subur/tanam humus kompos,media tanah subur"
6164,Theona.Tata Apple Quran Edisi Anak Sholeh
6165,Kaos Kaki pendek Serat Arang Bambu Import SCH0010
6166,Mascara Wand/spoolie/sisir bulu mata/kuas/sikat eyelash extension bulu mata
6167,Makanan Kucing Life Cat Can 400g
6168,Barel RJ45 Coupler Female to Female UTP LAN Ethernet Barrel Converter Network Jack Adapter Connector
6169,Rak Gantung Karakter Multi Fungsi/Rak Obat
6170,PTT KAOS KAKI PANJANG 2GARIS KAOS KAKI SEKOLAHKAOS KAKI KOREA
6171,Jam Tangan Quartz Wanita Model Transparan Versi Korea jamtangan jelly jam tangan anak
6172,Kacamata Safety Clear Mirror - Safety working Glasses (Frame Hitam)
6173,Smart watch T80  waterproof bracelet watch Fitness tracker Heartrate monitor Women Man smartwatch
6174,RAINBOW - DRESS JUMBO PELITA SABLON BUNGA / DRESS JUMBO WANITA MURAH
6175,Paket MURAH Alat Olahraga Pelangsing Tubuh Rumahan Magnetic Trimmer Jogging Body Plate+Tummy Trimmer
6176,Set Sendok Garpu Sumpit Travel Set Sendok Makan Jerami
6177,LONGTime379 / BISA COD / SWEATER PRIA ST.WAR HOODIE JUMPER / JAKET PRIA LENGAN PANJANG
6178,Fiesta chicken nuggets 500 gram
6179,Sorex Tali Bh Transparan/Bening Silikon 62
6180,Big Sale Terbagus Gamis Anak Tanggung Mamanda Saleha Series Lebaran All White Size Umur 14-16 Th
6181,Papan tulis anak free spidol+penghapus+Tali beli min 10pcs harga 30rb
6182,ALAT KECANTIKAN PENGENCANG OTOT WAJAH 3D MASSAGER / ALAT URUT DAN PIJAT TUBUH
6183,Maspion Pastela Set Milk Pan 14CM dan Frypan 20 CM Free Bubble Wrap
6184,"b""(COD TERLARIS) GAMIS MOUNTOYA WOLFIS SET CADAR SYAR'I"""
6185,Samsung Galaxy A01 core 32GB Garansi Resmi SEIN Android Murah
6186,Philips Avent Bottle Natural 260ml
6187,Joyko CLP 04 Spidol bs dicuci Washable Pen Warna 12 Colors \xe2\x89\xa0 crayola
6188,GT man Original MINI SPANDEX kode 708 celana dalam/celanapria/pakaiandalam/celanadalam/gtman
6189,Makanan Kucing Kaleng 150gr Snappy Tom Baby Kitten 150 gram
6190,OILA aroma therapy aroma terapi (2B3) hts011
6191,{PROMO} layar pembesar 3d enlarge screen magnifier kaca enlarged bracket stand portable foldable
6192,Kaos Kaki Bayi / Kaos Kaki Anak Motif Imut
6193,Rak Jaring Wastafel Sponge Cuci Piring
6194,[3SISI]Rak buku serbaguna rak portable lemari buku
6195,MASKER SCUBA ANAK GUCCI MICKEY EL
6196,BABYPINK SKINCARE ORIGINAL ACNE SERIES 100% AMAN RESMI BPOM MENGHILANGKAN JERAWAT
6197,TB 141 Tas Kosmetik B112 Tas Kosmetik Besar Monopoly Pouch Travel 100gr
6198,SAMYUNWAN BPOM BY BINASYIFA / PIL PENGGEMUK BADAN
6199,Apron celemek / clemek masak / seragam koki chef baju masak / waiter apron /clemek waiters  uniform
6200,Kolam Renang Anak Murah BESTWAY #51009 + POMPA INJAK
6201,Pembalut Herbal AVAIL Merah/Pink Night Use (per bungkus)
6202,Sendok Puding 50pcs Per Pack Sendok Eskrim Besar Teh STG Plastik Murah
6203,MINI MORA WALLET JIMSHONEY
6204,"Puritan Double Strength Glucosamine, Chondroitin & MSM Joint Soother\xc2\xae 120"
6205,Bayar Ditempat - Fabella F01# Tas Baju Tas Pakaian Tas Travel Tas Mudik Tas Olah Raga Volume Besar
6206,[Terlaris] Pediasure Coklat  400400gr 400gram Susu Pediasure COKLAT Triplesure 400 400gr 400gram
6207,Hanya Paking tambahan pakai bubble wrap
6208,Nivea Men Black & White Fresh Spray 150 ml
6209,Nestle Dancow Fortigro Instant Cokelat 800gr
6210,AOSEPT PLUS Cairan Pembersih Lensa Kontak
6211,\xe2\xad\x90Bobastore\xe2\xad\x90B039 Korset Stagen Pengecil Perut Pasca Melahiran Pelangsing Membentuk Body Slimming Pant
6212,Atoom Bulan Ekonomis Sachet Bumbu Masak
6213,Hlg Cetakan Semen Reusable Bahan Batu
6214,AVOSKIN Perfect Hydrating Treatment Essence - PHTE 30 ml
6215,IW04-Sandal Wanita Flip Flop | Sendal Cewek Cantik
6216,NEW!!! SANDAL JELLY ROMANTIC KAPAL
6217,TERBARU!!! SANDAL JEPIT etnik
6218,Filter Masker Pm2.5 5ply Gasket Efisiensi Tinggi
6219,Baby Boys Girls Caps Beanies Cotton Hat with Ears
6220,1pc metal jig fishing lure 10g artificial bait freshwater jigging fishing
6221,Mukena siti Khadijah pasteleena katun PROMO free tas
6222,Ikat pinggang gucci 2 cm & 3 cm gesper GG sabuk kulit perempuan branded import
6223,MASK KOREA GRADE 2
6224,"AFI - EC - Tunik Lakova (LD 98, P 85)"
6225,STARDIVA COLLECTION - Seprei KINTAKUN Dluxe King 180x200 - Delph / Elysees / Etoile / Hase / Kylie
6226,HEADSET BLUETOOTH WIRELESS i11 TWS 5.0 TOUCH CONTROL
6227,Kertas tisu packaging / kertas sepatu / kertas bungkus / kertas tas/ kertas baju / hijab murah
6228,SEDOTAN STAINLESS STRAW SEDOTAN MINUMAN 3 + SIKAT 1 + POUCH 1
6229,SERUM SPRAY FARMA
6230,KOKO COUPLE AYAH DAN ANAK
6231,TAS SLEMPANG POLOS DISTRO TERMURAH
6232,MUKENA BALI ANAK HELLOKITTY
6233,Atasan Muslim - Miranda Tunik
6234,SLEEK BABY DETERGENT 450ml KEMASAN POUCH
6235,MOMOGI SNACK ALL VARIAN ISI 20 PCS @8GRAM
6236,(ISI 3 PCS) Daster Yukensi Bayi uk 0-12 Bulan / Dress Bayi Kaos Daster Meylan Baju Anak Perempuan
6237,VITAMER BLENDER PORTABLE 350ML ORIGINAL
6238,Mini Mixer Elektrik Kemasan Opp Plastik / Tidak Segel Pengocok Pengaduk Kopi Teh Telur
6239,LITTLE BABY 3IN1 Multifunction Box 0136
6240,[300gr] F12 Tempat Sikat Gigi Odol Kumbang - Lady Bug Tooth Brush Holder
6241,WnD SALE !! TAS UNIK - TAS FASHION - TAS SERUT BK004 - TAS SLEMPANG - TAS WANITA  - HIGH QUALITY!!
6242,Baterai Original J2 Prime J2 Core J2 Pro A2 Core J3 2016 J5 G530 Grandprime
6243,My Bottle Warna Transparan Pouch Sarung Busa
6244,Baterai mic Bluetooth batre kipas portable Rechargeable Battery 18650 3.7V  Flat Top Protection
6245,Gas tabung Hi Cook / Gas Portable / Gas kompor Butane Catridge
6246,2in1 MULTIFUNGSI ELEKTRIK  SHABU DAN PANGGANG GRILL PAN DAN HOTPOT MINI PANCI ELEKTRIK
6247,Handsfree / Headset / Earphone SAMSUNG ORIGINAL INDONESIA 100%
6248,Robot RT-US04 Alluminium Alloy Liftable & Foldable Universal Holder
6249,BACK TO BLACK PERMANENT - PLASTIC TRIM RESTORER - NANOTECH PROTECTION - PENGHITAM PLASTIK BERTEKSTUR
6250,Keset Cendol Doff Microfiber anti slip
6251,Everwhite Brightening Soap Sabun Awan
6252,"b""Gamis plisket anak / hijab anak-anak / Gamis syar'i anak"""
6253,Zoya Scarf Manami
6254,babyme Tas Bahu/Selempang Bentuk Persegi Aksen Bunga+Mutiara Bahan Katun untuk Anak Perempuan
6255,Makida Babys Umbilical Truss (Sabuk Bayi Hernia / Pusar Bodong)
6256,Baorenshang Kpop BTS BT21 Cute PU Pencil Pen Case TATA COOKY RJ Cosmetic Makeup Storage BagF
6257,EDW 320 Dompet Kosmetik Polos
6258,GARSKIN STICKER CARBON BACK ALL TYPE SAMSUNG Samsung A51/A71/Realme 5i/Realme XT/REALME C2 DLL
6259,MamaSuka - Tepung Roti Mix 10 Kg
6260,1M Android Micro USB & Type C & iphone lighting cable Nylon Braided Data Sync Fast Charger Cable
6261,[1 KG 68PCS] KC022 KACAMATA BINGKAI FASHION KOREA NORMAL
6262,La Tulipe 2 in 1 Acne Pore Cleanser
6263,Tempat cetakan es batu 24 pc TCE 1069 golden sunkist
6264,COOCAA LED TV 40 inch - Android 9.0 - Smart TV - FullHD - Infinity View - Netflix (Model 40S6G)
6265,Tasbih kayu 99 Oleh Oleh Haji dan Umroh Murah
6266,Apple 61W USB C Power Adapter
6267,Case Xiaomi Redmi Note 4 snapdragon Leather Autofocus Experience
6268,Legging Panjang Spandek Premium | Bahan Nyaman dan Tidak Panas Ukuran Standard Dan Jumbo
6269,WIFI REPEATER PRO / AMPLIFIER EXTENDER PRO 300MBPS ORIGINAL
6270,RINGLIGHT LED 16CM 20CM 26CM LAMPU MAKE UP VLOG LAMPU RINGLIGHT TRIPOD MULTI LIVE
6271,TALLY 6030 Celana dalam Seamless Bahan nilon Halus Nayaman Dipakai
6272,Nayz Puding Box Coklat
6273,Flimty Fiber 1 SACHET BPOM pelangsing obat kurus diet
6274,VITO Sprei 160x200 QUEEN 2 Sarung Bantal Guling Tidur Motif Minimalis Karakter Anak Murah FRIAmart
6275,Korek Kuping Bentuk Ikan Kartun Detachable untuk Anak / Dewasa
6276,Izzi Fine Fragrance Mist Secret Crush 100ml
6277,SENSI MASKER DUCKBILL -  3 SACHET ISI 6PCS - ORIGINAL
6278,HQ Wireless Waterproof Portable Bluetooth Speaker - C6 # DE014
6279,MEDINA DATES SUPER KURMA AJWA 5 kg
6280,Pixy Two Way Cake Perfect Fit Refill (PIXY REFILL)
6281,Parfume thailand isi 55ml best seller termurah
6282,GLOW FLEK theraskin ( cream malam )
6283,ASAH PISAU SURMENE ASAHAN PISAU MURAH ASAHAN TAJAM PISAU DAPUR GUNTING PENGASAH PISAU TAJAM 200gr
6284,GF : LUVITA DRESS matt MOSCREPE HQ size S M L XL busana muslim terbaruL
6285,ISTANATOYS.COM CELENGAN ATM  WITH MONEY ( Poli / paw / hellokitty / littlepony )
6286,Gshop Lampu Bohlam Mini BULB 3 Watt / Bohlam USB 3 Watt 3 W Mini LED
6287,Menspad AZZA / pembalut cuci ulang DAY_NIGHT (1pack isi 6pcs)
6288,LENSA ANTIRADIASI SUPERSIN / CRMC HI INDEX 1.56
6289,DRAGON Sapu Ijuk / Sapu Lantai
6290,Baso Aci Instan
6291,MIYAKO Kipas Angin Mini 6 Inch KAD-06
6292,Daun Insulin Curah Hikmah 40gr
6293,Evangeline Eau De Parfum Evolve 100ml
6294,ALMOM MILK POWDER PREMIUM/ PELANCAR ASI SARI ALMOND BUBUK / ASI BOOSTER ALMOND MILK
6295,Flydigi Wasp Feelers 2 / Beehive 2 Sarung Jempol Jari Mobile Joystick Gamepad PUBG FF COD
6296,Sleek Baby Laundry Detergent Botol 1200 ml / Sabuh Pencuci Pakaian Bayi
6297,Mukena bali JUMBO REMPEL  SAKURA JEPANG(ORI AULIA)
6298,[GROSIR] SANDAL JEPIT SENDAL JEPIT SWALLOW
6299,PASHMINA MALAYSIA || HEAVY CHIFFON || PASHMINA  IMPORT 180*75 CM
6300,Emina Grape Seed Olive Face Mask 60ml
6301,Frisian Flag UHT Milky 115ml Strawberry - NED November  [GIFT]
6302,Clip-On Lavalier 3.5mm untuk Smartphone / PC / Laptop
6303,Airframe / Car Holder AC
6304,King Koil Royale Bantal
6305,Silicone Face Cleaning Brush Facial Cleaner Pore brush\xef\xbc\x8csilikon sikat alat pembersih komedo
6306,HAND SUPER 250ML READY
6307,BBBC Bando Premium Bandana Simpul Twist Elastis Ala Korea Untuk Wanita Bando Polos
6308,Frisian Flag 123 madu.vanila 2000gr
6309,WHISKAS KALENG 400GR TUNA/OCEAN FISH
6310,Panty (Celana Dalam) Sorella Daily Cotton S20-73069
6311,Kerudung Hijab Salwa by AZKIA HIJAB
6312,LA TAHZAN Jangan Bersedih - Qisthi Press
6313,Sepatu Sneakers K8005 Import size 36-40
6314,Sepatu Sport Casual Unisex Bahan Kanvas
6315,Sarung Pouch Bag HP Handphone Smartphone Waterproof Anti Air
6316,MOST WANTED Kemeja Garis Garis Lengan Pendek Simple Stripes E-1225 E-1226 E-1227 E-1313
6317,Monde Milk Marie 125 g
6318,tali macrame 100gr tali katun cotton rope
6319,dbE GM500 High End Gaming Headphone
6320,[READY JKT]- LAMEILA EYESHADOW 10 CoLour Play colour
6321,Botol Susu Sumo Murah BPA Free 240 Ml/120 Ml /60 Ml
6322,PIGEON MAGMAG STEP 3
6323,SWANA INSTANT WHITE BODY LOTION / SWANA COSMETICS
6324,Zwitsal baby minyak telon 60 ml / 100 ml
6325,Viva Air Mawar 100 ml
6326,NEW!!! SEPATU SNEAKERS XBO SPORT
6327,SOTI\xc2\xae SPECIAL BATCH Antiseptic Spray 100ml
6328,Softlens Mimosa Ready Normal  Free Lencase Bursasoftlens
6329,NATURAWORLD BEUTY SPRAY/NBS SERUM/SETTING SPRAY
6330,Paldo JJajang Men 200gr (Mi Instan Rasa Kedelai Hitam )
6331,Baju bayi newborn SNI 6 pcs
6332,Masker Kain 2 Lapis Bisa Dicuci Masker Dewasa Masker Hijab EMPATLIMAMASUK 10
6333,"b""JOHNSON'S BABY Bath Milk & Rice 500ml"""
6334,Lampu PLC Osram Dulux Value 10W
6335,Strip Easy Touch Gula Darah Glucose
6336,SG Fish Mineral Tablet Plus Vitamin C Cegah Ikan Sakit 320gr 40 tablet
6337,Bio 2000 Penguras WC 1 KG
6338,PROMO Pasir Kucing Gumpal ZIPPER LOCK Repack 1Kg
6339,"Orico 2020U3 Casing SSD&HDD 2,5inch USB3.0 SATA"
6340,Citra Lulur Natural White Bengkoang Liquid Body Wash Refill 400ml
6341,Lucas Papaw Ointment 25gr & 75gr
6342,Celana Pendek Snow Pria semi jeans wash hitam ice snow distro casual cowok hits
6343,Stik Keju Kraft Efrata Spesial 200g
6344,Kacamata antivirus ( Covid 19) FREE  2 PCS MASKER  MUMER
6345,"b""LEGO FRIENDS Emma's Play Cube - 41404"""
6346,sepatu Turboo
6347,TAS HAPPY BQ1067 tas wanita hand bag import best seller B2702 LT1040 FB4671
6348,SQUARE BLOUSE / KEMEJA KOTAK
6349,Carex Hand Wash Sensitive Pump 250 ml
6350,SACHET SYB NATURGO BLACK / masker lumpur bpom syb natur90 shiseido
6351,Beng beng maxx 12 pcs x 32gr
6352,iseven p DRESS DO WHAT YOU LOVE | dress wanita kekinian
6353,[BISA COD]TERMURAH!!! TAS PRILY - Tas Selempang Wanita
6354,TEMPAT PENYIMPANAN KANTONG PLASTIK PLASTIC STORAGE BOX ORGANIZER
6355,Rak Buku Portable Rak Serbaguna Minimalis Ekonomis 4 Rak
6356,Softlens Sky Soul BIG EYES
6357,Himalaya Neem Mask 100ml
6358,"b""TISUE LIVI FACIAL REFILL PACK 600's"""
6359,PBG - AUDY MAXY - Audi Maxi | Gamis Maxy Audy Moscrepe | Dress Muslim Termurah
6360,headset ROBOT RE701 soft in-ear 3.5mm wired
6361,Sandal heels Wanita Terbaru mika GABY
6362,REALME 5I 4/64GB 3/32GB GARANSI RESMI ORIGINAL FULL BONUS
6363,Alat Penjepit Clamp Sudut 90 Derajat Frame Kaca Kayu Angle Corner
6364,BATIK POLOS PUTIH - wallpaper dinding - ukuran : 45cm X 10m - jakarta wallpaper - wallpaper sticker
6365,LYDYLY CD Celana Dalam  Big Size Jumbo  LD 030 / XXL / XXXL/XXXXL
6366,[Mizan Jakarta] Mans Search For Meaning
6367,sepatu anak perempuan slipon salur pink MURAH
6368,Gembok Alarm Ring Panjang / Gembok anti maling alarm
6369,Headset Sony MDR-EX15AP Original Garansi
6370,ADAPTOR MEMORY CARD RUMAH MMC ADAPTOR MICRO SD ADAPTER SD CARD
6371,RESTOCK!! SOFTLENS OLENS PRINCESS SPANISH NORMAL DAN MINUS (BLACKPINK LENS)
6372,Cosrx OIL FREE ULTRA MOISTURIZING LOTION with Bircap Sap
6373,AMG Grosir - SW09 sweater crop strip hoodie
6374,Hanasui Naturgo LIGHTENING PEEL OFF MASK / Masker Hanasui / Peel Off Mask / Komedo
6375,"Kolam Mandi Bola, Keranjang Mandi Bola, Keranjang Basket Bola"
6376,ROBOT Kabel Data RDM100S Android Micro USB 1M Data Cable - Garansi Resmi 1 Tahun
6377,Mikrotik Router Wireless RB941-2nD (hAP-Lite)
6378,Samsung Galaxy A21s 3/32GB - 6/64GB Garansi Resmi SEIN - TekanBuy
6379,"KAMIKADOMU - HAND SOAP ALOE VERA [MELON FRAGRANCE], 1.000 ML - BIRTH AND BEYOND"
6380,[Isi 100Pcs] Tali Plintir Souvenir Tali Hitam Untuk Camilan Panjang 17Cm
6381,[PROMO] Nivea Daily Protection Sun Lotion 100ml
6382,Samsung SSD 860 EVO 250GB
6383,Processor Intel Core I5 9400F Box Coffee Lake Socket LGA 1151
6384,Sepatu Running Lifestyle Eagle Trans
6385,NEW HIJAB MADINAH CADAR
6386,UNO DOS Card Game Permainan Edukasi Non Mattel Mainan Kartu Education
6387,Pengaman Sudut Bulat Kecil
6388,Bola Duri Magnet Kecil / Bola Terapi Kesehatan
6389,Sarung Celana Sarcel Anak
6390,Sarung tangan oven microwave masak anti panas
6391,GAMIS NISSA SABYAN WOLFIS BUSUI
6392,DASTER KARAKTER BUSUI BAHAN KATUN JEPANG
6393,Sepatu Pria/wanita Authentic Casual/sekolah Black/Nevy/Abu/merah
6394,ARTLINE DRAWING SYSTEM/ PEN GAMBAR / DRAWING PEN terlaris dan termurah
6395,Designkorea 27-34 Boyfriend Jeans Belah Slit Valeska Tebal Jumbo Panjang Wanita
6396,D51 Obat Pembersih Jamur Kaca Mobil Cairan Penghilang Kerak Serbaguna
6397,QB TUNIK KENZI(A1) BAHAN BABYTERRY GOOD QUALITY (COD)
6398,TOOL BOX SET KOPER  - MAINAN ANAK TUKANG TUKANGAN OCT7505
6399,Carters Long Jeans (1-5 th)
6400,softcase Realme C1 C2 C3 U1 2 2 Pro 3 Pro 5 5i 5s Pro 6 Pro X Xt C11 C12 C15 9C 7 SB703
6401,Jam tangan G Shock GX-56 Full Black Hitam army digital pria & anak anak sporty outdoor anti air
6402,Baby Safe Training Cup Soft Spout 125ml  6m+ AP005
6403,Setrika Philips Dry Iron Affinia GC160 - Putih Ungu
6404,Chil Kid Gold 200gr Madu/Vanilla
6405,SILIKON 3D RUBBER CASE UNICORN SAMSUNG J4+ A20 A30
6406,Kaos I Sarimbit Keluarga Shafa Marwa 41 I Hitam
6407,Swan Deodorant Lemon 80 gr
6408,CONVERTER MICRO USB KE TYPE C l Konektor Micro USB ke TYPE C
6409,Headset / Earphone Case | Tempat Earphone / Headset
6410,Stand Hanger Multifungsi - Tiang Gantungan Baju Jaket Syal 9 Hook
6411,"Jolly Box 200 JX2 P22,5xL13,5xT12 Lion Star (Spare Part Case)"
6412,KAOS KAKI ANAK 5906 SOREX KIDS
6413,SGC 34 WEDGES SAKURA
6414,PopSockets / Pop Socket/ Phone Holder/ Phone Stand/ Stand HP
6415,BOTOL KACA 100ML VINTAGE TUTUP KAYU
6416,[PER RIM] Kertas Fotocopy A4 100 Gram Paper One
6417,Shampo matrix biolage 200ml
6418,HAPPY KING HK-900 PROCLIPPER / Alat Cukur Rambut / Mesin Cukur
6419,"Case Anti Crack Fuze/Acrylic Samsung A10/M10, A7 2018,J1 2016"
6420,"Cartridge Filter Air / Sediment / Spun / Water Filter 10"" - Watertech"
6421,JILBAB Instan Gerigi
6422,BATERAI 18650 SONY VTC6 3000mAh - Authentic
6423,The Simplicity Flush Blush by YOU Makeups
6424,FROZEN DETOX CAPSULE 60 pcs ORIGINAL 100 %
6425,Liplapin Tinted Lip Balm - BPOM REGISTERED
6426,Sarung Kasur Busa Monalisa 100x200 Tinggi 15cm Dan 20cm
6427,Rohto Dry Fresh 7 ml
6428,NEW EARPHONE ROBOT RE101S 1.2m Subwoofer Bass Metal / Handsfree
6429,Royal Canin Adult Persian Makanan Kucing Dewasa Persia Dry 400gr
6430,\xe3\x80\x90BOSTANTEN\xe3\x80\x91Ikat Pinggang Pria Set sabuk dan dompet Bahan Kulit Warna hitam
6431,OVERSIZE CARDI MARUKO
6432,Kispray refill 300ml
6433,[BPOM] Hotin SERIES / Hotin Cream Tube / Hotin Balsem Otot / Hotin Koyo / MY MOM
6434,WW Celana Dalam GT MAN - GSF01 - Pakaian Dalam Pria - Isi 2 pcs - Brief Spandex
6435,OLAY Set Perawatan Anti Aging Gentle
6436,MADU HUTAN KALIMANTAN GOLDEN HONEY NETTO 1KG
6437,Focallure Blush On Powder Mineral Pigment 11 Warna
6438,JJ Panci Listrik Serbaguna Multifungsi Elektrik Cooker
6439,TERMURAH !!! Knalpot HKS Serigala suara dijamin
6440,[GS168] RAK SEPATU 4 SUSUN MOTIF / RAK SEPATU PORTABLE N104
6441,short anak/daleman/legging pendek anak
6442,CREAM HN KECIL 15GR /BELI 10 PAKET FREE 1 PAKET
6443,Dompet Baellerry Panjang Polos Slot Simpel Termurah Cewek Wanita Wallet Kartu Atm
6444,Miranda keratin shampo 100ml
6445,Paddock sepeda / standar sepeda segitiga / peddok / pedok
6446,sofa belajar duduk bayi
6447,SENSATIA BOTANICALS Tea Tree & Lemon Facial Cleanser (New Version acne clarifying facial cleanser)
6448,PLAZASHOP\xe2\x99\xa8 COD P119 Pulpen Pokky Pena Cute Gel Karakter Biskuit Pocky Bolpen Stik Imut Grosir Murah
6449,JOGER KOMBINASI
6450,Parfum mobil KOPI BALI ORIGINAL
6451,Setelan Koko Anak Gankids 1-4 Tahun
6452,[BPOM] Nacific Daily Mood Lip Cream
6453,Botol Minum dengan Sedotan dan Gagang Motif Kartun untuk Anak-Anak
6454,SEPATU DENIM ML 23
6455,SomeByMi Galactomyces Pure Vitamin C Glow Toner - Some By Mi
6456,Hair Clip curly panjang murah / hairclip curly panjang murah
6457,Mukena Ayu Tingting Renda Warna Warni Bsway Free Tas
6458,GH-4001 Quick Toggle Clamp Clip 150kg 330Lbs Holding Metal Latch Hand Tool
6459,PEEL OFF MASK PHILOCALY SKIN 10Gram \xe2\x80\xa2BPOM\xe2\x80\xa2
6460,Gamis Turkey 1109 Dress Busana Muslimah By Original Mega Store
6461,Sandal Import Nike_Benassi Swoosh Slop Flip Flop Pria TERLARIS
6462,Mega Bank UTBK SBMPTN Soshum 2020
6463,pack/plastik buble/bubble wrap/gelembung/pembungkus/dus/kayu - Buble Wrap
6464,GAS SPONTAN YZ YAMAHA THAILAND ASLII
6465,Mitu baby ANTISEPTIK wipes  2pack @ 10 sheets
6466,CASE CUSTOM 3D ( NO PO - 1 HARI JADI)
6467,Riyadhush Shalihin
6468,Topi bucket polos bolak balik 2 warna / topi bucket hat / bucket polos premium
6469,Sepatu VENTELA PUBLIC LOW GREEN ORIGINAL MADE IN INDONESIA
6470,Diskon Ramadhan Sandal Flip flop Tali BELLA
6471,BATERAI CMOS PANASONIC CR-2032 - ORIGINAL
6472,[1KG 22PCS] JOLIECOLLECTIONS ALAT PEREKAT PLASTIK/MINI HAND SEALER TERSEDIA GROSIR DAN ECER TERMURAH
6473,Herborist Body Wash Zaitun - 250ml
6474,Paket dr pure cream siang malam dan sabun original bpom
6475,"Beras ramos bandung 5kg, 10kg dan 20kg"
6476,Bamboe Bumbu Sambal Goreng Ati 54g
6477,500GR LAGIE COKLAT KILOAN KACANG TANAH PLANET  / COKLAT LAGIE PLANET
6478,Mega Bank SBMPTN Soshum / saintek
6479,Buku tema 8 kelas 3 sd kemendikbud
6480,PROMO!! Avail Day Use (Avail Biru)
6481,Alat cukur Kumis jenggot pisau cukur Kumis 2 MATA GAGANG BIRU LEBIH TAJAM
6482,Casio General Analog Ladies LTP-V006GL-9BUDF/LTP-V006GL-9BUDF/LTP-V006GL
6483,Bayar Ditempat-KLINSKIN Beauty Soap Original
6484,Ekonomi Sabun Cream Putih 455 gr
6485,Seblak Tulang Rawan k.y.l Kylafood
6486,Kacang Arab 500gr
6487,Tempat Kartu // Card Caddy // Card Holder
6488,KHIMAR JUMBO PET XXL TALI TERMURAH
6489,THERASKIN FACIAL WASH NORMAL
6490,Madu Pollen Alqubro Al Qubro Polen 1kg 1 kg
6491,PREMIUM Topi bayi carter love 5in1 boy/girl
6492,Pokana Hygiene Wipes Tissue Pure Water 50 Sheets / Tisu Basah (EXPIRED 2022)
6493,[1150gr] H138 | RAK SEPATU 5 TINGKAT PAYUNG HOLDER TEMPAT SEPATU
6494,[BPOM] Cussons Baby Cream 100 gr & 50 gr / Krim Bayi / MY MOM
6495,GOON Smile Baby Night Pants [XL] Isi 26
6496,TAS IMPORT CANTIK E364/T07448/L1572/C7012/B2594 TAS JAKARTA TAS CANTIK TAS MURAH TAS GROSIRCODE
6497,BAYAR DI TEMPAT - Jam Tangan LED Mi 2 Sport Digital
6498,kuas silikon/kuas oles roti
